row_key,block_raw,block_matched,row_number,side,structure,variety_raw,variety_matched,variety_id,variety_score,rootstock_raw,rootstock_matched,rootstock_id,rootstock_score,planting_year,tree_count,length_m,area_m2,flags
Bravo 13|13|,Bravo 13,NO MATCH,13,,PORTION,Bravo,NO MATCH,NO MATCH,0.0,106,NO MATCH,NO MATCH,0.0,2013,151,151.0,604.0,LOW_BLOCK_MATCH(0.0)|LOW_VARIETY_MATCH(0.0)|LOW_RS_MATCH(0.0)
Bravo 13|14|,Bravo 13,NO MATCH,14,,PORTION,Bravo,NO MATCH,NO MATCH,0.0,106,NO MATCH,NO MATCH,0.0,2013,154,154.0,616.0,LOW_BLOCK_MATCH(0.0)|LOW_VARIETY_MATCH(0.0)|LOW_RS_MATCH(0.0)
Bravo 13|15|,Bravo 13,NO MATCH,15,,PORTION,Bravo,NO MATCH,NO MATCH,0.0,106,NO MATCH,NO MATCH,0.0,2013,154,154.0,616.0,LOW_BLOCK_MATCH(0.0)|LOW_VARIETY_MATCH(0.0)|LOW_RS_MATCH(0.0)
Bravo 13|16|,Bravo 13,NO MATCH,16,,PORTION,Bravo,NO MATCH,NO MATCH,0.0,106,NO MATCH,NO MATCH,0.0,2013,22,22.0,88.0,LOW_BLOCK_MATCH(0.0)|LOW_VARIETY_MATCH(0.0)|LOW_RS_MATCH(0.0)
Bravo 13|16|,Bravo 13,NO MATCH,16,,PORTION,Bravo,NO MATCH,NO MATCH,0.0,M26,NO MATCH,NO MATCH,0.0,2013,146,146.0,584.0,LOW_BLOCK_MATCH(0.0)|LOW_VARIETY_MATCH(0.0)|LOW_RS_MATCH(0.0)
Bravo 13|17|,Bravo 13,NO MATCH,17,,PORTION,Bravo,NO MATCH,NO MATCH,0.0,M26,NO MATCH,NO MATCH,0.0,2013,178,178.0,712.0,LOW_BLOCK_MATCH(0.0)|LOW_VARIETY_MATCH(0.0)|LOW_RS_MATCH(0.0)
Bravo 13|18|,Bravo 13,NO MATCH,18,,PORTION,Bravo,NO MATCH,NO MATCH,0.0,M26,NO MATCH,NO MATCH,0.0,2013,180,180.0,720.0,LOW_BLOCK_MATCH(0.0)|LOW_VARIETY_MATCH(0.0)|LOW_RS_MATCH(0.0)
Bravo 13|19|,Bravo 13,NO MATCH,19,,PORTION,Bravo,NO MATCH,NO MATCH,0.0,M26,NO MATCH,NO MATCH,0.0,2013,77,77.0,308.0,LOW_BLOCK_MATCH(0.0)|LOW_VARIETY_MATCH(0.0)|LOW_RS_MATCH(0.0)
Bravo 14|1|,Bravo 14,NO MATCH,1,,PORTION,Bravo,NO MATCH,NO MATCH,0.0,M26,NO MATCH,NO MATCH,0.0,2014,19,19.0,66.5,LOW_BLOCK_MATCH(0.0)|LOW_VARIETY_MATCH(0.0)|LOW_RS_MATCH(0.0)
Bravo 14|2|,Bravo 14,NO MATCH,2,,PORTION,Bravo,NO MATCH,NO MATCH,0.0,M26,NO MATCH,NO MATCH,0.0,2014,32,32.0,112.0,LOW_BLOCK_MATCH(0.0)|LOW_VARIETY_MATCH(0.0)|LOW_RS_MATCH(0.0)
Bravo 14|3|,Bravo 14,NO MATCH,3,,PORTION,Bravo,NO MATCH,NO MATCH,0.0,M26,NO MATCH,NO MATCH,0.0,2014,48,48.0,168.0,LOW_BLOCK_MATCH(0.0)|LOW_VARIETY_MATCH(0.0)|LOW_RS_MATCH(0.0)
Bravo 14|4|,Bravo 14,NO MATCH,4,,PORTION,Bravo,NO MATCH,NO MATCH,0.0,M26,NO MATCH,NO MATCH,0.0,2014,67,67.0,234.5,LOW_BLOCK_MATCH(0.0)|LOW_VARIETY_MATCH(0.0)|LOW_RS_MATCH(0.0)
Bravo 14|5|,Bravo 14,NO MATCH,5,,PORTION,Bravo,NO MATCH,NO MATCH,0.0,M26,NO MATCH,NO MATCH,0.0,2014,81,81.0,283.5,LOW_BLOCK_MATCH(0.0)|LOW_VARIETY_MATCH(0.0)|LOW_RS_MATCH(0.0)
Bravo 14|6|,Bravo 14,NO MATCH,6,,PORTION,Bravo,NO MATCH,NO MATCH,0.0,M26,NO MATCH,NO MATCH,0.0,2014,73,73.0,255.5,LOW_BLOCK_MATCH(0.0)|LOW_VARIETY_MATCH(0.0)|LOW_RS_MATCH(0.0)
Bravo 14|7|,Bravo 14,NO MATCH,7,,PORTION,Bravo,NO MATCH,NO MATCH,0.0,M26,NO MATCH,NO MATCH,0.0,2014,88,88.0,308.0,LOW_BLOCK_MATCH(0.0)|LOW_VARIETY_MATCH(0.0)|LOW_RS_MATCH(0.0)
Bravo 14|8|,Bravo 14,NO MATCH,8,,PORTION,Bravo,NO MATCH,NO MATCH,0.0,M26,NO MATCH,NO MATCH,0.0,2014,103,103.0,360.5,LOW_BLOCK_MATCH(0.0)|LOW_VARIETY_MATCH(0.0)|LOW_RS_MATCH(0.0)
Bravo 14|9|,Bravo 14,NO MATCH,9,,PORTION,Bravo,NO MATCH,NO MATCH,0.0,M26,NO MATCH,NO MATCH,0.0,2014,108,108.0,378.0,LOW_BLOCK_MATCH(0.0)|LOW_VARIETY_MATCH(0.0)|LOW_RS_MATCH(0.0)
Bravo 14|10|,Bravo 14,NO MATCH,10,,PORTION,Bravo,NO MATCH,NO MATCH,0.0,M26,NO MATCH,NO MATCH,0.0,2014,150,150.0,525.0,LOW_BLOCK_MATCH(0.0)|LOW_VARIETY_MATCH(0.0)|LOW_RS_MATCH(0.0)
Bravo 14|11|,Bravo 14,NO MATCH,11,,PORTION,Bravo,NO MATCH,NO MATCH,0.0,M26,NO MATCH,NO MATCH,0.0,2014,155,155.0,542.5,LOW_BLOCK_MATCH(0.0)|LOW_VARIETY_MATCH(0.0)|LOW_RS_MATCH(0.0)
Bravo 14|12|,Bravo 14,NO MATCH,12,,PORTION,Bravo,NO MATCH,NO MATCH,0.0,M26,NO MATCH,NO MATCH,0.0,2014,163,163.0,570.5,LOW_BLOCK_MATCH(0.0)|LOW_VARIETY_MATCH(0.0)|LOW_RS_MATCH(0.0)
Bravo 14|19|,Bravo 14,NO MATCH,19,,PORTION,Bravo,NO MATCH,NO MATCH,0.0,M26,NO MATCH,NO MATCH,0.0,2014,106,106.0,371.0,LOW_BLOCK_MATCH(0.0)|LOW_VARIETY_MATCH(0.0)|LOW_RS_MATCH(0.0)
Bravo 14|20|,Bravo 14,NO MATCH,20,,PORTION,Bravo,NO MATCH,NO MATCH,0.0,M26,NO MATCH,NO MATCH,0.0,2014,184,184.0,644.0,LOW_BLOCK_MATCH(0.0)|LOW_VARIETY_MATCH(0.0)|LOW_RS_MATCH(0.0)
Bravo 14|21|,Bravo 14,NO MATCH,21,,PORTION,Bravo,NO MATCH,NO MATCH,0.0,M26,NO MATCH,NO MATCH,0.0,2014,182,182.0,637.0,LOW_BLOCK_MATCH(0.0)|LOW_VARIETY_MATCH(0.0)|LOW_RS_MATCH(0.0)
Bravo 14|22|,Bravo 14,NO MATCH,22,,PORTION,Bravo,NO MATCH,NO MATCH,0.0,M26,NO MATCH,NO MATCH,0.0,2014,183,183.0,640.5,LOW_BLOCK_MATCH(0.0)|LOW_VARIETY_MATCH(0.0)|LOW_RS_MATCH(0.0)
Bravo 14|23|,Bravo 14,NO MATCH,23,,PORTION,Bravo,NO MATCH,NO MATCH,0.0,M26,NO MATCH,NO MATCH,0.0,2014,188,188.0,658.0,LOW_BLOCK_MATCH(0.0)|LOW_VARIETY_MATCH(0.0)|LOW_RS_MATCH(0.0)
Bravo 14|24|,Bravo 14,NO MATCH,24,,PORTION,Bravo,NO MATCH,NO MATCH,0.0,M26,NO MATCH,NO MATCH,0.0,2014,193,193.0,675.5,LOW_BLOCK_MATCH(0.0)|LOW_VARIETY_MATCH(0.0)|LOW_RS_MATCH(0.0)
Bravo 14|25|,Bravo 14,NO MATCH,25,,PORTION,Bravo,NO MATCH,NO MATCH,0.0,M26,NO MATCH,NO MATCH,0.0,2014,192,192.0,672.0,LOW_BLOCK_MATCH(0.0)|LOW_VARIETY_MATCH(0.0)|LOW_RS_MATCH(0.0)
Bravo 14|26|,Bravo 14,NO MATCH,26,,PORTION,Bravo,NO MATCH,NO MATCH,0.0,M26,NO MATCH,NO MATCH,0.0,2014,192,192.0,672.0,LOW_BLOCK_MATCH(0.0)|LOW_VARIETY_MATCH(0.0)|LOW_RS_MATCH(0.0)
Bravo 14|27|,Bravo 14,NO MATCH,27,,PORTION,Bravo,NO MATCH,NO MATCH,0.0,M26,NO MATCH,NO MATCH,0.0,2014,115,115.0,402.5,LOW_BLOCK_MATCH(0.0)|LOW_VARIETY_MATCH(0.0)|LOW_RS_MATCH(0.0)
Bravo 15|27|,Bravo 15,NO MATCH,27,,PORTION,Bravo,NO MATCH,NO MATCH,0.0,M26,NO MATCH,NO MATCH,0.0,2015,83,82.5,288.75,LOW_BLOCK_MATCH(0.0)|LOW_VARIETY_MATCH(0.0)|LOW_RS_MATCH(0.0)
Bravo 15|28|,Bravo 15,NO MATCH,28,,PORTION,Bravo,NO MATCH,NO MATCH,0.0,M26,NO MATCH,NO MATCH,0.0,2015,195,199.0,696.5,LOW_BLOCK_MATCH(0.0)|LOW_VARIETY_MATCH(0.0)|LOW_RS_MATCH(0.0)
Bravo 15|29|,Bravo 15,NO MATCH,29,,PORTION,Bravo,NO MATCH,NO MATCH,0.0,M26,NO MATCH,NO MATCH,0.0,2015,198,200.5,701.75,LOW_BLOCK_MATCH(0.0)|LOW_VARIETY_MATCH(0.0)|LOW_RS_MATCH(0.0)
Bravo 15|30|,Bravo 15,NO MATCH,30,,PORTION,Bravo,NO MATCH,NO MATCH,0.0,M26,NO MATCH,NO MATCH,0.0,2015,199,201.0,703.5,LOW_BLOCK_MATCH(0.0)|LOW_VARIETY_MATCH(0.0)|LOW_RS_MATCH(0.0)
Bravo 15|31|,Bravo 15,NO MATCH,31,,PORTION,Bravo,NO MATCH,NO MATCH,0.0,M26,NO MATCH,NO MATCH,0.0,2015,204,203.0,710.5,LOW_BLOCK_MATCH(0.0)|LOW_VARIETY_MATCH(0.0)|LOW_RS_MATCH(0.0)
Bravo 15|32|,Bravo 15,NO MATCH,32,,PORTION,Bravo,NO MATCH,NO MATCH,0.0,M26,NO MATCH,NO MATCH,0.0,2015,201,205.5,719.25,LOW_BLOCK_MATCH(0.0)|LOW_VARIETY_MATCH(0.0)|LOW_RS_MATCH(0.0)
Bravo 15|33|,Bravo 15,NO MATCH,33,,PORTION,Bravo,NO MATCH,NO MATCH,0.0,M26,NO MATCH,NO MATCH,0.0,2015,202,206.0,721.0,LOW_BLOCK_MATCH(0.0)|LOW_VARIETY_MATCH(0.0)|LOW_RS_MATCH(0.0)
Bravo 15|34|,Bravo 15,NO MATCH,34,,PORTION,Bravo,NO MATCH,NO MATCH,0.0,M26,NO MATCH,NO MATCH,0.0,2015,207,207.0,724.5,LOW_BLOCK_MATCH(0.0)|LOW_VARIETY_MATCH(0.0)|LOW_RS_MATCH(0.0)
Bravo 15|35|,Bravo 15,NO MATCH,35,,PORTION,Bravo,NO MATCH,NO MATCH,0.0,M26,NO MATCH,NO MATCH,0.0,2015,207,207.0,724.5,LOW_BLOCK_MATCH(0.0)|LOW_VARIETY_MATCH(0.0)|LOW_RS_MATCH(0.0)
CHERRY BRAVO|1|,CHERRY BRAVO,NO MATCH,1,,PORTION,BRAVO,NO MATCH,NO MATCH,0.0,M26,NO MATCH,NO MATCH,0.0,2016,183,183.0,549.0,LOW_BLOCK_MATCH(0.0)|LOW_VARIETY_MATCH(0.0)|LOW_RS_MATCH(0.0)
CHERRY BRAVO|2|,CHERRY BRAVO,NO MATCH,2,,PORTION,BRAVO,NO MATCH,NO MATCH,0.0,M26,NO MATCH,NO MATCH,0.0,2016,182,182.0,546.0,LOW_BLOCK_MATCH(0.0)|LOW_VARIETY_MATCH(0.0)|LOW_RS_MATCH(0.0)
CHERRY BRAVO|3|,CHERRY BRAVO,NO MATCH,3,,PORTION,BRAVO,NO MATCH,NO MATCH,0.0,M26,NO MATCH,NO MATCH,0.0,2016,181,181.0,543.0,LOW_BLOCK_MATCH(0.0)|LOW_VARIETY_MATCH(0.0)|LOW_RS_MATCH(0.0)
CHERRY BRAVO|4|,CHERRY BRAVO,NO MATCH,4,,PORTION,BRAVO,NO MATCH,NO MATCH,0.0,M26,NO MATCH,NO MATCH,0.0,2016,180,180.0,540.0,LOW_BLOCK_MATCH(0.0)|LOW_VARIETY_MATCH(0.0)|LOW_RS_MATCH(0.0)
CHERRY BRAVO|5|,CHERRY BRAVO,NO MATCH,5,,PORTION,BRAVO,NO MATCH,NO MATCH,0.0,M26,NO MATCH,NO MATCH,0.0,2016,179,179.0,537.0,LOW_BLOCK_MATCH(0.0)|LOW_VARIETY_MATCH(0.0)|LOW_RS_MATCH(0.0)
CHERRY BRAVO|6|,CHERRY BRAVO,NO MATCH,6,,PORTION,BRAVO,NO MATCH,NO MATCH,0.0,M26,NO MATCH,NO MATCH,0.0,2016,178,178.0,534.0,LOW_BLOCK_MATCH(0.0)|LOW_VARIETY_MATCH(0.0)|LOW_RS_MATCH(0.0)
CHERRY BRAVO|7|,CHERRY BRAVO,NO MATCH,7,,PORTION,BRAVO,NO MATCH,NO MATCH,0.0,M26,NO MATCH,NO MATCH,0.0,2016,177,177.0,531.0,LOW_BLOCK_MATCH(0.0)|LOW_VARIETY_MATCH(0.0)|LOW_RS_MATCH(0.0)
CHERRY BRAVO|8|,CHERRY BRAVO,NO MATCH,8,,PORTION,BRAVO,NO MATCH,NO MATCH,0.0,M26,NO MATCH,NO MATCH,0.0,2016,177,177.0,531.0,LOW_BLOCK_MATCH(0.0)|LOW_VARIETY_MATCH(0.0)|LOW_RS_MATCH(0.0)
CHERRY BRAVO|9|,CHERRY BRAVO,NO MATCH,9,,PORTION,BRAVO,NO MATCH,NO MATCH,0.0,M26,NO MATCH,NO MATCH,0.0,2016,176,176.0,528.0,LOW_BLOCK_MATCH(0.0)|LOW_VARIETY_MATCH(0.0)|LOW_RS_MATCH(0.0)
CHERRY BRAVO|10|,CHERRY BRAVO,NO MATCH,10,,PORTION,BRAVO,NO MATCH,NO MATCH,0.0,M26,NO MATCH,NO MATCH,0.0,2016,175,175.0,525.0,LOW_BLOCK_MATCH(0.0)|LOW_VARIETY_MATCH(0.0)|LOW_RS_MATCH(0.0)
CHERRY BRAVO|11|,CHERRY BRAVO,NO MATCH,11,,PORTION,BRAVO,NO MATCH,NO MATCH,0.0,M26,NO MATCH,NO MATCH,0.0,2016,175,175.0,525.0,LOW_BLOCK_MATCH(0.0)|LOW_VARIETY_MATCH(0.0)|LOW_RS_MATCH(0.0)
CHERRY BRAVO|12|,CHERRY BRAVO,NO MATCH,12,,PORTION,BRAVO,NO MATCH,NO MATCH,0.0,M26,NO MATCH,NO MATCH,0.0,2016,174,174.0,522.0,LOW_BLOCK_MATCH(0.0)|LOW_VARIETY_MATCH(0.0)|LOW_RS_MATCH(0.0)
CHERRY BRAVO|13|,CHERRY BRAVO,NO MATCH,13,,PORTION,BRAVO,NO MATCH,NO MATCH,0.0,M26,NO MATCH,NO MATCH,0.0,2016,173,173.0,519.0,LOW_BLOCK_MATCH(0.0)|LOW_VARIETY_MATCH(0.0)|LOW_RS_MATCH(0.0)
CHERRY BRAVO|14|,CHERRY BRAVO,NO MATCH,14,,PORTION,BRAVO,NO MATCH,NO MATCH,0.0,M26,NO MATCH,NO MATCH,0.0,2016,173,173.0,519.0,LOW_BLOCK_MATCH(0.0)|LOW_VARIETY_MATCH(0.0)|LOW_RS_MATCH(0.0)
CHERRY BRAVO|15|,CHERRY BRAVO,NO MATCH,15,,PORTION,BRAVO,NO MATCH,NO MATCH,0.0,M26,NO MATCH,NO MATCH,0.0,2016,172,172.0,516.0,LOW_BLOCK_MATCH(0.0)|LOW_VARIETY_MATCH(0.0)|LOW_RS_MATCH(0.0)
CHERRY BRAVO|16|,CHERRY BRAVO,NO MATCH,16,,PORTION,BRAVO,NO MATCH,NO MATCH,0.0,M26,NO MATCH,NO MATCH,0.0,2016,171,171.0,513.0,LOW_BLOCK_MATCH(0.0)|LOW_VARIETY_MATCH(0.0)|LOW_RS_MATCH(0.0)
Cherries|12|,Cherries,NO MATCH,12,,PORTION,Rain,NO MATCH,NO MATCH,0.0,Mazzard,NO MATCH,NO MATCH,0.0,1987,173,173.0,865.0,LOW_BLOCK_MATCH(0.0)|LOW_VARIETY_MATCH(0.0)|LOW_RS_MATCH(0.0)
Cherries|13|,Cherries,NO MATCH,13,,PORTION,Rain,NO MATCH,NO MATCH,0.0,Mazzard,NO MATCH,NO MATCH,0.0,2021,172,172.0,860.0,LOW_BLOCK_MATCH(0.0)|LOW_VARIETY_MATCH(0.0)|LOW_RS_MATCH(0.0)
Cherries|14|,Cherries,NO MATCH,14,,PORTION,Van,NO MATCH,NO MATCH,0.0,Mazzard,NO MATCH,NO MATCH,0.0,2021,172,172.0,860.0,LOW_BLOCK_MATCH(0.0)|LOW_VARIETY_MATCH(0.0)|LOW_RS_MATCH(0.0)
Cherries|15|,Cherries,NO MATCH,15,,PORTION,Van,NO MATCH,NO MATCH,0.0,Mazzard,NO MATCH,NO MATCH,0.0,1987,170,170.0,850.0,LOW_BLOCK_MATCH(0.0)|LOW_VARIETY_MATCH(0.0)|LOW_RS_MATCH(0.0)
Cherries|16|,Cherries,NO MATCH,16,,PORTION,Van,NO MATCH,NO MATCH,0.0,Mazzard,NO MATCH,NO MATCH,0.0,1987,170,170.0,850.0,LOW_BLOCK_MATCH(0.0)|LOW_VARIETY_MATCH(0.0)|LOW_RS_MATCH(0.0)
Cherries|17|,Cherries,NO MATCH,17,,PORTION,Rain,NO MATCH,NO MATCH,0.0,Mazzard,NO MATCH,NO MATCH,0.0,1987,61,61.0,305.0,LOW_BLOCK_MATCH(0.0)|LOW_VARIETY_MATCH(0.0)|LOW_RS_MATCH(0.0)
Cherries|17|,Cherries,NO MATCH,17,,PORTION,Rain,NO MATCH,NO MATCH,0.0,Mazzard,NO MATCH,NO MATCH,0.0,2001,29,29.0,145.0,LOW_BLOCK_MATCH(0.0)|LOW_VARIETY_MATCH(0.0)|LOW_RS_MATCH(0.0)
Cherries|17|,Cherries,NO MATCH,17,,PORTION,Rain,NO MATCH,NO MATCH,0.0,Mazzard,NO MATCH,NO MATCH,0.0,2006,31,31.0,155.0,LOW_BLOCK_MATCH(0.0)|LOW_VARIETY_MATCH(0.0)|LOW_RS_MATCH(0.0)
Cherries|17|,Cherries,NO MATCH,17,,PORTION,Rain,NO MATCH,NO MATCH,0.0,Mazzard,NO MATCH,NO MATCH,0.0,1987,50,50.0,250.0,LOW_BLOCK_MATCH(0.0)|LOW_VARIETY_MATCH(0.0)|LOW_RS_MATCH(0.0)
Cherries|18|,Cherries,NO MATCH,18,,PORTION,Van,NO MATCH,NO MATCH,0.0,Mazzard,NO MATCH,NO MATCH,0.0,2018,53,53.0,265.0,LOW_BLOCK_MATCH(0.0)|LOW_VARIETY_MATCH(0.0)|LOW_RS_MATCH(0.0)
Cherries|18|,Cherries,NO MATCH,18,,PORTION,Van,NO MATCH,NO MATCH,0.0,Mazzard,NO MATCH,NO MATCH,0.0,1987,50,50.0,250.0,LOW_BLOCK_MATCH(0.0)|LOW_VARIETY_MATCH(0.0)|LOW_RS_MATCH(0.0)
Cherries|18|,Cherries,NO MATCH,18,,PORTION,Van,NO MATCH,NO MATCH,0.0,Mazzard,NO MATCH,NO MATCH,0.0,2018,50,50.0,250.0,LOW_BLOCK_MATCH(0.0)|LOW_VARIETY_MATCH(0.0)|LOW_RS_MATCH(0.0)
Cherries|18|,Cherries,NO MATCH,18,,PORTION,Van,NO MATCH,NO MATCH,0.0,Mazzard,NO MATCH,NO MATCH,0.0,2018,13,13.0,65.0,LOW_BLOCK_MATCH(0.0)|LOW_VARIETY_MATCH(0.0)|LOW_RS_MATCH(0.0)
Cherries|19|,Cherries,NO MATCH,19,,PORTION,Lap,NO MATCH,NO MATCH,0.0,Mazzard,NO MATCH,NO MATCH,0.0,2006,12,12.0,60.0,LOW_BLOCK_MATCH(0.0)|LOW_VARIETY_MATCH(0.0)|LOW_RS_MATCH(0.0)
Cherries|19|,Cherries,NO MATCH,19,,PORTION,Lap,NO MATCH,NO MATCH,0.0,Mazzard,NO MATCH,NO MATCH,0.0,2006,52,52.0,260.0,LOW_BLOCK_MATCH(0.0)|LOW_VARIETY_MATCH(0.0)|LOW_RS_MATCH(0.0)
Cherries|19|,Cherries,NO MATCH,19,,PORTION,Lap,NO MATCH,NO MATCH,0.0,Mazzard,NO MATCH,NO MATCH,0.0,2001,51,51.0,255.0,LOW_BLOCK_MATCH(0.0)|LOW_VARIETY_MATCH(0.0)|LOW_RS_MATCH(0.0)
Cherries|19|,Cherries,NO MATCH,19,,PORTION,Lap,NO MATCH,NO MATCH,0.0,Mazzard,NO MATCH,NO MATCH,0.0,2006,48,48.0,240.0,LOW_BLOCK_MATCH(0.0)|LOW_VARIETY_MATCH(0.0)|LOW_RS_MATCH(0.0)
Cherries|20|,Cherries,NO MATCH,20,,PORTION,Rain,NO MATCH,NO MATCH,0.0,Mazzard,NO MATCH,NO MATCH,0.0,2006,167,167.0,835.0,LOW_BLOCK_MATCH(0.0)|LOW_VARIETY_MATCH(0.0)|LOW_RS_MATCH(0.0)
Cherries|21|,Cherries,NO MATCH,21,,PORTION,Van,NO MATCH,NO MATCH,0.0,Mazzard,NO MATCH,NO MATCH,0.0,1987,166,166.0,830.0,LOW_BLOCK_MATCH(0.0)|LOW_VARIETY_MATCH(0.0)|LOW_RS_MATCH(0.0)
Cherries|22|,Cherries,NO MATCH,22,,PORTION,Rain,NO MATCH,NO MATCH,0.0,Mazzard,NO MATCH,NO MATCH,0.0,2018,165,165.0,825.0,LOW_BLOCK_MATCH(0.0)|LOW_VARIETY_MATCH(0.0)|LOW_RS_MATCH(0.0)
Cherries|23|,Cherries,NO MATCH,23,,PORTION,Chelan,NO MATCH,NO MATCH,0.0,Mazzard,NO MATCH,NO MATCH,0.0,2018,164,164.0,820.0,LOW_BLOCK_MATCH(0.0)|LOW_VARIETY_MATCH(0.0)|LOW_RS_MATCH(0.0)
Cherries|24|,Cherries,NO MATCH,24,,PORTION,Chelan,NO MATCH,NO MATCH,0.0,Mazzard,NO MATCH,NO MATCH,0.0,2024,150,164.0,820.0,LOW_BLOCK_MATCH(0.0)|LOW_VARIETY_MATCH(0.0)|LOW_RS_MATCH(0.0)
Cherries|24|,Cherries,NO MATCH,24,,PORTION,Chelan,NO MATCH,NO MATCH,0.0,Mazzard,NO MATCH,NO MATCH,0.0,2018,14,14.0,70.0,LOW_BLOCK_MATCH(0.0)|LOW_VARIETY_MATCH(0.0)|LOW_RS_MATCH(0.0)
Cherries|25|,Cherries,NO MATCH,25,,PORTION,Van,NO MATCH,NO MATCH,0.0,Mazzard,NO MATCH,NO MATCH,0.0,2021,81,81.0,405.0,LOW_BLOCK_MATCH(0.0)|LOW_VARIETY_MATCH(0.0)|LOW_RS_MATCH(0.0)
Cherries|25|,Cherries,NO MATCH,25,,PORTION,Rain,NO MATCH,NO MATCH,0.0,Mazzard,NO MATCH,NO MATCH,0.0,1997,81,81.0,405.0,LOW_BLOCK_MATCH(0.0)|LOW_VARIETY_MATCH(0.0)|LOW_RS_MATCH(0.0)
Cherries|26|,Cherries,NO MATCH,26,,PORTION,Lap,NO MATCH,NO MATCH,0.0,Mazzard,NO MATCH,NO MATCH,0.0,1997,160,160.0,800.0,LOW_BLOCK_MATCH(0.0)|LOW_VARIETY_MATCH(0.0)|LOW_RS_MATCH(0.0)
Cherries|27|,Cherries,NO MATCH,27,,PORTION,Van,NO MATCH,NO MATCH,0.0,Mazzard,NO MATCH,NO MATCH,0.0,1997,157,157.0,785.0,LOW_BLOCK_MATCH(0.0)|LOW_VARIETY_MATCH(0.0)|LOW_RS_MATCH(0.0)
Cherries|28|,Cherries,NO MATCH,28,,PORTION,Rain,NO MATCH,NO MATCH,0.0,Mazzard,NO MATCH,NO MATCH,0.0,2012,156,156.0,780.0,LOW_BLOCK_MATCH(0.0)|LOW_VARIETY_MATCH(0.0)|LOW_RS_MATCH(0.0)
Cherries|29|,Cherries,NO MATCH,29,,PORTION,Rain,NO MATCH,NO MATCH,0.0,Mazzard,NO MATCH,NO MATCH,0.0,2012,156,156.0,780.0,LOW_BLOCK_MATCH(0.0)|LOW_VARIETY_MATCH(0.0)|LOW_RS_MATCH(0.0)
GS/PL Trellis|1|,GS/PL Trellis,NO MATCH,1,,PORTION,P/L,NO MATCH,NO MATCH,0.0,104,NO MATCH,NO MATCH,0.0,2001,346,173.0,865.0,LOW_BLOCK_MATCH(0.0)|LOW_VARIETY_MATCH(0.0)|LOW_RS_MATCH(0.0)
GS/PL Trellis|2|,GS/PL Trellis,NO MATCH,2,,PORTION,P/L,NO MATCH,NO MATCH,0.0,104,NO MATCH,NO MATCH,0.0,2001,346,173.0,865.0,LOW_BLOCK_MATCH(0.0)|LOW_VARIETY_MATCH(0.0)|LOW_RS_MATCH(0.0)
GS/PL Trellis|3|,GS/PL Trellis,NO MATCH,3,,PORTION,G/S,NO MATCH,NO MATCH,0.0,104,NO MATCH,NO MATCH,0.0,1996,346,173.0,778.5,LOW_BLOCK_MATCH(0.0)|LOW_VARIETY_MATCH(0.0)|LOW_RS_MATCH(0.0)
GS/PL Trellis|4|,GS/PL Trellis,NO MATCH,4,,PORTION,G/S,NO MATCH,NO MATCH,0.0,104,NO MATCH,NO MATCH,0.0,1996,344,172.0,774.0,LOW_BLOCK_MATCH(0.0)|LOW_VARIETY_MATCH(0.0)|LOW_RS_MATCH(0.0)
GS/PL Trellis|5|,GS/PL Trellis,NO MATCH,5,,PORTION,G/S,NO MATCH,NO MATCH,0.0,104,NO MATCH,NO MATCH,0.0,1996,344,172.0,774.0,LOW_BLOCK_MATCH(0.0)|LOW_VARIETY_MATCH(0.0)|LOW_RS_MATCH(0.0)
GS/PL Trellis|6|,GS/PL Trellis,NO MATCH,6,,PORTION,G/S,NO MATCH,NO MATCH,0.0,104,NO MATCH,NO MATCH,0.0,1996,342,171.0,769.5,LOW_BLOCK_MATCH(0.0)|LOW_VARIETY_MATCH(0.0)|LOW_RS_MATCH(0.0)
GS/PL Trellis|7|,GS/PL Trellis,NO MATCH,7,,PORTION,P/L,NO MATCH,NO MATCH,0.0,104,NO MATCH,NO MATCH,0.0,2001,342,171.0,855.0,LOW_BLOCK_MATCH(0.0)|LOW_VARIETY_MATCH(0.0)|LOW_RS_MATCH(0.0)
GS/PL Trellis|8|,GS/PL Trellis,NO MATCH,8,,PORTION,G/S,NO MATCH,NO MATCH,0.0,104,NO MATCH,NO MATCH,0.0,1996,340,170.0,850.0,LOW_BLOCK_MATCH(0.0)|LOW_VARIETY_MATCH(0.0)|LOW_RS_MATCH(0.0)
GS/PL Trellis|9|,GS/PL Trellis,NO MATCH,9,,PORTION,G/S,NO MATCH,NO MATCH,0.0,104,NO MATCH,NO MATCH,0.0,1996,321,170.0,765.0,LOW_BLOCK_MATCH(0.0)|LOW_VARIETY_MATCH(0.0)|LOW_RS_MATCH(0.0)
GS/PL Trellis|10|,GS/PL Trellis,NO MATCH,10,,PORTION,G/S,NO MATCH,NO MATCH,0.0,104,NO MATCH,NO MATCH,0.0,1996,340,170.0,765.0,LOW_BLOCK_MATCH(0.0)|LOW_VARIETY_MATCH(0.0)|LOW_RS_MATCH(0.0)
GS/PL Trellis|11|,GS/PL Trellis,NO MATCH,11,,PORTION,G/S,NO MATCH,NO MATCH,0.0,104,NO MATCH,NO MATCH,0.0,1996,340,170.0,765.0,LOW_BLOCK_MATCH(0.0)|LOW_VARIETY_MATCH(0.0)|LOW_RS_MATCH(0.0)
GS/PL Trellis|12|,GS/PL Trellis,NO MATCH,12,,PORTION,P/L,NO MATCH,NO MATCH,0.0,104,NO MATCH,NO MATCH,0.0,,340,170.0,850.0,LOW_BLOCK_MATCH(0.0)|LOW_VARIETY_MATCH(0.0)|LOW_RS_MATCH(0.0)
GS/PL Trellis|13|,GS/PL Trellis,NO MATCH,13,,PORTION,G/S,NO MATCH,NO MATCH,0.0,104,NO MATCH,NO MATCH,0.0,1996,340,170.0,850.0,LOW_BLOCK_MATCH(0.0)|LOW_VARIETY_MATCH(0.0)|LOW_RS_MATCH(0.0)
GS/PL Trellis|14|,GS/PL Trellis,NO MATCH,14,,PORTION,G/S,NO MATCH,NO MATCH,0.0,104,NO MATCH,NO MATCH,0.0,1996,327,170.0,765.0,LOW_BLOCK_MATCH(0.0)|LOW_VARIETY_MATCH(0.0)|LOW_RS_MATCH(0.0)
GS/PL Trellis|15|,GS/PL Trellis,NO MATCH,15,,PORTION,G/S,NO MATCH,NO MATCH,0.0,104,NO MATCH,NO MATCH,0.0,1996,340,170.0,765.0,LOW_BLOCK_MATCH(0.0)|LOW_VARIETY_MATCH(0.0)|LOW_RS_MATCH(0.0)
GS/PL Trellis|16|,GS/PL Trellis,NO MATCH,16,,PORTION,G/S,NO MATCH,NO MATCH,0.0,104,NO MATCH,NO MATCH,0.0,1996,338,169.0,760.5,LOW_BLOCK_MATCH(0.0)|LOW_VARIETY_MATCH(0.0)|LOW_RS_MATCH(0.0)
GS/PL Trellis|17|,GS/PL Trellis,NO MATCH,17,,PORTION,P/L,NO MATCH,NO MATCH,0.0,109,NO MATCH,NO MATCH,0.0,1997,340,170.0,850.0,LOW_BLOCK_MATCH(0.0)|LOW_VARIETY_MATCH(0.0)|LOW_RS_MATCH(0.0)
GS/PL Trellis|18|,GS/PL Trellis,NO MATCH,18,,PORTION,G/S,NO MATCH,NO MATCH,0.0,104,NO MATCH,NO MATCH,0.0,1997,340,170.0,850.0,LOW_BLOCK_MATCH(0.0)|LOW_VARIETY_MATCH(0.0)|LOW_RS_MATCH(0.0)
GS/PL Trellis|19|,GS/PL Trellis,NO MATCH,19,,PORTION,G/S,NO MATCH,NO MATCH,0.0,104,NO MATCH,NO MATCH,0.0,1997,459,170.0,850.0,LOW_BLOCK_MATCH(0.0)|LOW_VARIETY_MATCH(0.0)|LOW_RS_MATCH(0.0)
GS/PL Trellis|20|,GS/PL Trellis,NO MATCH,20,,PORTION,G/S,NO MATCH,NO MATCH,0.0,104,NO MATCH,NO MATCH,0.0,1997,340,170.0,850.0,LOW_BLOCK_MATCH(0.0)|LOW_VARIETY_MATCH(0.0)|LOW_RS_MATCH(0.0)
GS/PL Trellis|21|,GS/PL Trellis,NO MATCH,21,,PORTION,G/S,NO MATCH,NO MATCH,0.0,104,NO MATCH,NO MATCH,0.0,1997,336,168.0,840.0,LOW_BLOCK_MATCH(0.0)|LOW_VARIETY_MATCH(0.0)|LOW_RS_MATCH(0.0)
GS/PL Trellis|22|,GS/PL Trellis,NO MATCH,22,,PORTION,P/L,NO MATCH,NO MATCH,0.0,109,NO MATCH,NO MATCH,0.0,1997,336,168.0,840.0,LOW_BLOCK_MATCH(0.0)|LOW_VARIETY_MATCH(0.0)|LOW_RS_MATCH(0.0)
GS/PL Trellis|23|,GS/PL Trellis,NO MATCH,23,,PORTION,G/S,NO MATCH,NO MATCH,0.0,104,NO MATCH,NO MATCH,0.0,1997,336,168.0,840.0,LOW_BLOCK_MATCH(0.0)|LOW_VARIETY_MATCH(0.0)|LOW_RS_MATCH(0.0)
GS/PL Trellis|24|,GS/PL Trellis,NO MATCH,24,,PORTION,G/S,NO MATCH,NO MATCH,0.0,104,NO MATCH,NO MATCH,0.0,1997,334,167.0,835.0,LOW_BLOCK_MATCH(0.0)|LOW_VARIETY_MATCH(0.0)|LOW_RS_MATCH(0.0)
GS/PL Trellis|25|,GS/PL Trellis,NO MATCH,25,,PORTION,G/S,NO MATCH,NO MATCH,0.0,104,NO MATCH,NO MATCH,0.0,1997,334,167.0,835.0,LOW_BLOCK_MATCH(0.0)|LOW_VARIETY_MATCH(0.0)|LOW_RS_MATCH(0.0)
GS/PL Trellis|26|,GS/PL Trellis,NO MATCH,26,,PORTION,G/S,NO MATCH,NO MATCH,0.0,104,NO MATCH,NO MATCH,0.0,1997,334,167.0,835.0,LOW_BLOCK_MATCH(0.0)|LOW_VARIETY_MATCH(0.0)|LOW_RS_MATCH(0.0)
GS/PL Trellis|27|,GS/PL Trellis,NO MATCH,27,,PORTION,P/L,NO MATCH,NO MATCH,0.0,109,NO MATCH,NO MATCH,0.0,1997,334,167.0,835.0,LOW_BLOCK_MATCH(0.0)|LOW_VARIETY_MATCH(0.0)|LOW_RS_MATCH(0.0)
GS/PL Trellis|28|,GS/PL Trellis,NO MATCH,28,,PORTION,G/S,NO MATCH,NO MATCH,0.0,109,NO MATCH,NO MATCH,0.0,1997,78,39.0,195.0,LOW_BLOCK_MATCH(0.0)|LOW_VARIETY_MATCH(0.0)|LOW_RS_MATCH(0.0)
GS/PL Trellis|28|,GS/PL Trellis,NO MATCH,28,,PORTION,G/S,NO MATCH,NO MATCH,0.0,104,NO MATCH,NO MATCH,0.0,1997,256,128.0,640.0,LOW_BLOCK_MATCH(0.0)|LOW_VARIETY_MATCH(0.0)|LOW_RS_MATCH(0.0)
GS/PL Trellis|29|,GS/PL Trellis,NO MATCH,29,,PORTION,G/S,NO MATCH,NO MATCH,0.0,109,NO MATCH,NO MATCH,0.0,1997,334,167.0,835.0,LOW_BLOCK_MATCH(0.0)|LOW_VARIETY_MATCH(0.0)|LOW_RS_MATCH(0.0)
GS/PL Trellis|30|,GS/PL Trellis,NO MATCH,30,,PORTION,G/S,NO MATCH,NO MATCH,0.0,109,NO MATCH,NO MATCH,0.0,1997,334,167.0,835.0,LOW_BLOCK_MATCH(0.0)|LOW_VARIETY_MATCH(0.0)|LOW_RS_MATCH(0.0)
GS/PL Trellis|31|,GS/PL Trellis,NO MATCH,31,,PORTION,G/S,NO MATCH,NO MATCH,0.0,109,NO MATCH,NO MATCH,0.0,1997,334,167.0,835.0,LOW_BLOCK_MATCH(0.0)|LOW_VARIETY_MATCH(0.0)|LOW_RS_MATCH(0.0)
GS/PL Trellis|32|,GS/PL Trellis,NO MATCH,32,,PORTION,G/S,NO MATCH,NO MATCH,0.0,109,NO MATCH,NO MATCH,0.0,1997,152,76.0,380.0,LOW_BLOCK_MATCH(0.0)|LOW_VARIETY_MATCH(0.0)|LOW_RS_MATCH(0.0)
GS/PL Trellis|32|,GS/PL Trellis,NO MATCH,32,,PORTION,P/L,NO MATCH,NO MATCH,0.0,106,NO MATCH,NO MATCH,0.0,1997,180,90.0,450.0,LOW_BLOCK_MATCH(0.0)|LOW_VARIETY_MATCH(0.0)|LOW_RS_MATCH(0.0)
GS/PL Trellis|33|,GS/PL Trellis,NO MATCH,33,,PORTION,P/L,NO MATCH,NO MATCH,0.0,106,NO MATCH,NO MATCH,0.0,1997,332,166.0,830.0,LOW_BLOCK_MATCH(0.0)|LOW_VARIETY_MATCH(0.0)|LOW_RS_MATCH(0.0)
GS/PL Trellis|34|,GS/PL Trellis,NO MATCH,34,,PORTION,P/L,NO MATCH,NO MATCH,0.0,106,NO MATCH,NO MATCH,0.0,1997,332,166.0,830.0,LOW_BLOCK_MATCH(0.0)|LOW_VARIETY_MATCH(0.0)|LOW_RS_MATCH(0.0)
GS/PL Trellis|35|,GS/PL Trellis,NO MATCH,35,,PORTION,P/L,NO MATCH,NO MATCH,0.0,106,NO MATCH,NO MATCH,0.0,1997,76,38.0,190.0,LOW_BLOCK_MATCH(0.0)|LOW_VARIETY_MATCH(0.0)|LOW_RS_MATCH(0.0)
GS/PL Trellis|35|,GS/PL Trellis,NO MATCH,35,,PORTION,P/L,NO MATCH,NO MATCH,0.0,104,NO MATCH,NO MATCH,0.0,1997,166,83.0,415.0,LOW_BLOCK_MATCH(0.0)|LOW_VARIETY_MATCH(0.0)|LOW_RS_MATCH(0.0)
GS/PL Trellis|35|,GS/PL Trellis,NO MATCH,35,,PORTION,P/L,NO MATCH,NO MATCH,0.0,109,NO MATCH,NO MATCH,0.0,1997,90,45.0,225.0,LOW_BLOCK_MATCH(0.0)|LOW_VARIETY_MATCH(0.0)|LOW_RS_MATCH(0.0)
Lady In Red|1|,Lady In Red,NO MATCH,1,,PORTION,Lady In Red,NO MATCH,NO MATCH,0.0,M26,NO MATCH,NO MATCH,0.0,2018,187,187.0,561.0,LOW_BLOCK_MATCH(0.0)|LOW_VARIETY_MATCH(0.0)|LOW_RS_MATCH(0.0)
Lady In Red|2|,Lady In Red,NO MATCH,2,,PORTION,Lady In Red,NO MATCH,NO MATCH,0.0,M26,NO MATCH,NO MATCH,0.0,2018,187,187.0,561.0,LOW_BLOCK_MATCH(0.0)|LOW_VARIETY_MATCH(0.0)|LOW_RS_MATCH(0.0)
Lady In Red|3|,Lady In Red,NO MATCH,3,,PORTION,Lady In Red,NO MATCH,NO MATCH,0.0,M26,NO MATCH,NO MATCH,0.0,2018,187,187.0,561.0,LOW_BLOCK_MATCH(0.0)|LOW_VARIETY_MATCH(0.0)|LOW_RS_MATCH(0.0)
Lady In Red|4|,Lady In Red,NO MATCH,4,,PORTION,Lady In Red,NO MATCH,NO MATCH,0.0,M26,NO MATCH,NO MATCH,0.0,2018,187,187.0,561.0,LOW_BLOCK_MATCH(0.0)|LOW_VARIETY_MATCH(0.0)|LOW_RS_MATCH(0.0)
Lady In Red|5|,Lady In Red,NO MATCH,5,,PORTION,Lady In Red,NO MATCH,NO MATCH,0.0,M26,NO MATCH,NO MATCH,0.0,2018,187,187.0,561.0,LOW_BLOCK_MATCH(0.0)|LOW_VARIETY_MATCH(0.0)|LOW_RS_MATCH(0.0)
Lady In Red|6|,Lady In Red,NO MATCH,6,,PORTION,Lady In Red,NO MATCH,NO MATCH,0.0,M26,NO MATCH,NO MATCH,0.0,2018,187,187.0,561.0,LOW_BLOCK_MATCH(0.0)|LOW_VARIETY_MATCH(0.0)|LOW_RS_MATCH(0.0)
Lady In Red|7|,Lady In Red,NO MATCH,7,,PORTION,Lady In Red,NO MATCH,NO MATCH,0.0,M26,NO MATCH,NO MATCH,0.0,2018,187,187.0,561.0,LOW_BLOCK_MATCH(0.0)|LOW_VARIETY_MATCH(0.0)|LOW_RS_MATCH(0.0)
Lady In Red|8|,Lady In Red,NO MATCH,8,,PORTION,Lady In Red,NO MATCH,NO MATCH,0.0,M26,NO MATCH,NO MATCH,0.0,2018,211,211.32,633.96,LOW_BLOCK_MATCH(0.0)|LOW_VARIETY_MATCH(0.0)|LOW_RS_MATCH(0.0)
Lady In Red|9|,Lady In Red,NO MATCH,9,,PORTION,Lady In Red,NO MATCH,NO MATCH,0.0,M26,NO MATCH,NO MATCH,0.0,2018,210,210.08,630.24,LOW_BLOCK_MATCH(0.0)|LOW_VARIETY_MATCH(0.0)|LOW_RS_MATCH(0.0)
Lady In Red|10|,Lady In Red,NO MATCH,10,,PORTION,Lady In Red,NO MATCH,NO MATCH,0.0,M26,NO MATCH,NO MATCH,0.0,2018,208,208.84,626.52,LOW_BLOCK_MATCH(0.0)|LOW_VARIETY_MATCH(0.0)|LOW_RS_MATCH(0.0)
Lady In Red|11|,Lady In Red,NO MATCH,11,,PORTION,Lady In Red,NO MATCH,NO MATCH,0.0,M26,NO MATCH,NO MATCH,0.0,2018,207,207.6,622.8,LOW_BLOCK_MATCH(0.0)|LOW_VARIETY_MATCH(0.0)|LOW_RS_MATCH(0.0)
Lady In Red|12|,Lady In Red,NO MATCH,12,,PORTION,Lady In Red,NO MATCH,NO MATCH,0.0,M26,NO MATCH,NO MATCH,0.0,2018,206,206.36,619.08,LOW_BLOCK_MATCH(0.0)|LOW_VARIETY_MATCH(0.0)|LOW_RS_MATCH(0.0)
Lady In Red|13|,Lady In Red,NO MATCH,13,,PORTION,Lady In Red,NO MATCH,NO MATCH,0.0,M26,NO MATCH,NO MATCH,0.0,2018,205,205.12,615.36,LOW_BLOCK_MATCH(0.0)|LOW_VARIETY_MATCH(0.0)|LOW_RS_MATCH(0.0)
Lady In Red|14|,Lady In Red,NO MATCH,14,,PORTION,Lady In Red,NO MATCH,NO MATCH,0.0,M26,NO MATCH,NO MATCH,0.0,2018,203,203.88,611.64,LOW_BLOCK_MATCH(0.0)|LOW_VARIETY_MATCH(0.0)|LOW_RS_MATCH(0.0)
Lady In Red|15|,Lady In Red,NO MATCH,15,,PORTION,Lady In Red,NO MATCH,NO MATCH,0.0,M26,NO MATCH,NO MATCH,0.0,2018,202,202.64,607.92,LOW_BLOCK_MATCH(0.0)|LOW_VARIETY_MATCH(0.0)|LOW_RS_MATCH(0.0)
Lady In Red|16|,Lady In Red,NO MATCH,16,,PORTION,Lady In Red,NO MATCH,NO MATCH,0.0,M26,NO MATCH,NO MATCH,0.0,2018,201,201.4,604.2,LOW_BLOCK_MATCH(0.0)|LOW_VARIETY_MATCH(0.0)|LOW_RS_MATCH(0.0)
Lady In Red|17|,Lady In Red,NO MATCH,17,,PORTION,Lady In Red,NO MATCH,NO MATCH,0.0,M26,NO MATCH,NO MATCH,0.0,2018,200,200.16,600.48,LOW_BLOCK_MATCH(0.0)|LOW_VARIETY_MATCH(0.0)|LOW_RS_MATCH(0.0)
Lady In Red|18|,Lady In Red,NO MATCH,18,,PORTION,Lady In Red,NO MATCH,NO MATCH,0.0,M26,NO MATCH,NO MATCH,0.0,2018,198,198.92,596.76,LOW_BLOCK_MATCH(0.0)|LOW_VARIETY_MATCH(0.0)|LOW_RS_MATCH(0.0)
Lady In Red|19|,Lady In Red,NO MATCH,19,,PORTION,Lady In Red,NO MATCH,NO MATCH,0.0,M26,NO MATCH,NO MATCH,0.0,2018,197,197.68,593.04,LOW_BLOCK_MATCH(0.0)|LOW_VARIETY_MATCH(0.0)|LOW_RS_MATCH(0.0)
Lady In Red|20|,Lady In Red,NO MATCH,20,,PORTION,Lady In Red,NO MATCH,NO MATCH,0.0,M26,NO MATCH,NO MATCH,0.0,2018,196,196.44,589.3199999999999,LOW_BLOCK_MATCH(0.0)|LOW_VARIETY_MATCH(0.0)|LOW_RS_MATCH(0.0)
Lady In Red|21|,Lady In Red,NO MATCH,21,,PORTION,Lady In Red,NO MATCH,NO MATCH,0.0,M26,NO MATCH,NO MATCH,0.0,2018,195,195.2,585.5999999999999,LOW_BLOCK_MATCH(0.0)|LOW_VARIETY_MATCH(0.0)|LOW_RS_MATCH(0.0)
Lady In Red|22|,Lady In Red,NO MATCH,22,,PORTION,Lady In Red,NO MATCH,NO MATCH,0.0,M26,NO MATCH,NO MATCH,0.0,2018,193,193.96,581.88,LOW_BLOCK_MATCH(0.0)|LOW_VARIETY_MATCH(0.0)|LOW_RS_MATCH(0.0)
Lady In Red|23|,Lady In Red,NO MATCH,23,,PORTION,Lady In Red,NO MATCH,NO MATCH,0.0,M26,NO MATCH,NO MATCH,0.0,2018,192,192.72,578.16,LOW_BLOCK_MATCH(0.0)|LOW_VARIETY_MATCH(0.0)|LOW_RS_MATCH(0.0)
Lady In Red|24|,Lady In Red,NO MATCH,24,,PORTION,Lady In Red,NO MATCH,NO MATCH,0.0,M26,NO MATCH,NO MATCH,0.0,2018,191,191.48,574.4399999999999,LOW_BLOCK_MATCH(0.0)|LOW_VARIETY_MATCH(0.0)|LOW_RS_MATCH(0.0)
Lady In Red|25|,Lady In Red,NO MATCH,25,,PORTION,Lady In Red,NO MATCH,NO MATCH,0.0,M26,NO MATCH,NO MATCH,0.0,2018,190,190.24,570.72,LOW_BLOCK_MATCH(0.0)|LOW_VARIETY_MATCH(0.0)|LOW_RS_MATCH(0.0)
Lady In Red|26|,Lady In Red,NO MATCH,26,,PORTION,Lady In Red,NO MATCH,NO MATCH,0.0,M26,NO MATCH,NO MATCH,0.0,2018,189,189.0,567.0,LOW_BLOCK_MATCH(0.0)|LOW_VARIETY_MATCH(0.0)|LOW_RS_MATCH(0.0)
Lady In Red 2019|1|,Lady In Red 2019,NO MATCH,1,,PORTION,Lady In Red,NO MATCH,NO MATCH,0.0,M26,NO MATCH,NO MATCH,0.0,2019,188,188.42,565.26,LOW_BLOCK_MATCH(0.0)|LOW_VARIETY_MATCH(0.0)|LOW_RS_MATCH(0.0)
Lady In Red 2019|2|,Lady In Red 2019,NO MATCH,2,,PORTION,Lady In Red,NO MATCH,NO MATCH,0.0,M26,NO MATCH,NO MATCH,0.0,2019,187,187.23,561.6899999999999,LOW_BLOCK_MATCH(0.0)|LOW_VARIETY_MATCH(0.0)|LOW_RS_MATCH(0.0)
Lady In Red 2019|3|,Lady In Red 2019,NO MATCH,3,,PORTION,Lady In Red,NO MATCH,NO MATCH,0.0,M26,NO MATCH,NO MATCH,0.0,2019,186,186.04,558.12,LOW_BLOCK_MATCH(0.0)|LOW_VARIETY_MATCH(0.0)|LOW_RS_MATCH(0.0)
Lady In Red 2019|4|,Lady In Red 2019,NO MATCH,4,,PORTION,Lady In Red,NO MATCH,NO MATCH,0.0,M26,NO MATCH,NO MATCH,0.0,2019,184,184.05,552.1500000000001,LOW_BLOCK_MATCH(0.0)|LOW_VARIETY_MATCH(0.0)|LOW_RS_MATCH(0.0)
Lady In Red 2019|5|,Lady In Red 2019,NO MATCH,5,,PORTION,Lady In Red,NO MATCH,NO MATCH,0.0,M26,NO MATCH,NO MATCH,0.0,2019,183,183.67,551.01,LOW_BLOCK_MATCH(0.0)|LOW_VARIETY_MATCH(0.0)|LOW_RS_MATCH(0.0)
Lady In Red 2019|6|,Lady In Red 2019,NO MATCH,6,,PORTION,Lady In Red,NO MATCH,NO MATCH,0.0,M26,NO MATCH,NO MATCH,0.0,2019,182,182.48,547.4399999999999,LOW_BLOCK_MATCH(0.0)|LOW_VARIETY_MATCH(0.0)|LOW_RS_MATCH(0.0)
Lady In Red 2019|7|,Lady In Red 2019,NO MATCH,7,,PORTION,Lady In Red,NO MATCH,NO MATCH,0.0,M26,NO MATCH,NO MATCH,0.0,2019,181,181.29,543.87,LOW_BLOCK_MATCH(0.0)|LOW_VARIETY_MATCH(0.0)|LOW_RS_MATCH(0.0)
Lady In Red 2019|8|,Lady In Red 2019,NO MATCH,8,,PORTION,Lady In Red,NO MATCH,NO MATCH,0.0,M26,NO MATCH,NO MATCH,0.0,2019,180,180.11,540.33,LOW_BLOCK_MATCH(0.0)|LOW_VARIETY_MATCH(0.0)|LOW_RS_MATCH(0.0)
Lady In Red 2019|9|,Lady In Red 2019,NO MATCH,9,,PORTION,Lady In Red,NO MATCH,NO MATCH,0.0,M26,NO MATCH,NO MATCH,0.0,2019,178,178.92,536.76,LOW_BLOCK_MATCH(0.0)|LOW_VARIETY_MATCH(0.0)|LOW_RS_MATCH(0.0)
Lady In Red 2019|10|,Lady In Red 2019,NO MATCH,10,,PORTION,Lady In Red,NO MATCH,NO MATCH,0.0,M26,NO MATCH,NO MATCH,0.0,2019,177,177.73,533.1899999999999,LOW_BLOCK_MATCH(0.0)|LOW_VARIETY_MATCH(0.0)|LOW_RS_MATCH(0.0)
Lady In Red 2019|11|,Lady In Red 2019,NO MATCH,11,,PORTION,Lady In Red,NO MATCH,NO MATCH,0.0,M26,NO MATCH,NO MATCH,0.0,2019,176,176.54,529.62,LOW_BLOCK_MATCH(0.0)|LOW_VARIETY_MATCH(0.0)|LOW_RS_MATCH(0.0)
Lady In Red 2019|12|,Lady In Red 2019,NO MATCH,12,,PORTION,Lady In Red,NO MATCH,NO MATCH,0.0,M26,NO MATCH,NO MATCH,0.0,2019,175,175.36,526.08,LOW_BLOCK_MATCH(0.0)|LOW_VARIETY_MATCH(0.0)|LOW_RS_MATCH(0.0)
Lady In Red 2019|13|,Lady In Red 2019,NO MATCH,13,,PORTION,Lady In Red,NO MATCH,NO MATCH,0.0,M26,NO MATCH,NO MATCH,0.0,2019,174,174.17,522.51,LOW_BLOCK_MATCH(0.0)|LOW_VARIETY_MATCH(0.0)|LOW_RS_MATCH(0.0)
Lady In Red 2019|14|,Lady In Red 2019,NO MATCH,14,,PORTION,Lady In Red,NO MATCH,NO MATCH,0.0,M26,NO MATCH,NO MATCH,0.0,2019,172,172.98,518.9399999999999,LOW_BLOCK_MATCH(0.0)|LOW_VARIETY_MATCH(0.0)|LOW_RS_MATCH(0.0)
Lady In Red 2019|15|,Lady In Red 2019,NO MATCH,15,,PORTION,Lady In Red,NO MATCH,NO MATCH,0.0,M26,NO MATCH,NO MATCH,0.0,2019,171,171.79,515.37,LOW_BLOCK_MATCH(0.0)|LOW_VARIETY_MATCH(0.0)|LOW_RS_MATCH(0.0)
Lady In Red 2019|16|,Lady In Red 2019,NO MATCH,16,,PORTION,Lady In Red,NO MATCH,NO MATCH,0.0,M26,NO MATCH,NO MATCH,0.0,2019,170,170.61,511.83000000000004,LOW_BLOCK_MATCH(0.0)|LOW_VARIETY_MATCH(0.0)|LOW_RS_MATCH(0.0)
Lady In Red 2019|17|,Lady In Red 2019,NO MATCH,17,,PORTION,Lady In Red,NO MATCH,NO MATCH,0.0,M26,NO MATCH,NO MATCH,0.0,2019,169,169.42,508.26,LOW_BLOCK_MATCH(0.0)|LOW_VARIETY_MATCH(0.0)|LOW_RS_MATCH(0.0)
Lady In Red 2019|18|,Lady In Red 2019,NO MATCH,18,,PORTION,Lady In Red,NO MATCH,NO MATCH,0.0,M26,NO MATCH,NO MATCH,0.0,2019,168,168.23,504.68999999999994,LOW_BLOCK_MATCH(0.0)|LOW_VARIETY_MATCH(0.0)|LOW_RS_MATCH(0.0)
Lady In Red 2019|19|,Lady In Red 2019,NO MATCH,19,,PORTION,Lady In Red,NO MATCH,NO MATCH,0.0,M26,NO MATCH,NO MATCH,0.0,2019,167,167.05,501.15000000000003,LOW_BLOCK_MATCH(0.0)|LOW_VARIETY_MATCH(0.0)|LOW_RS_MATCH(0.0)
Lady In Red 2019|20|,Lady In Red 2019,NO MATCH,20,,PORTION,Lady In Red,NO MATCH,NO MATCH,0.0,M26,NO MATCH,NO MATCH,0.0,2019,165,165.86,497.58000000000004,LOW_BLOCK_MATCH(0.0)|LOW_VARIETY_MATCH(0.0)|LOW_RS_MATCH(0.0)
Lady In Red 2019|21|,Lady In Red 2019,NO MATCH,21,,PORTION,Lady In Red,NO MATCH,NO MATCH,0.0,M26,NO MATCH,NO MATCH,0.0,2019,164,164.67,494.01,LOW_BLOCK_MATCH(0.0)|LOW_VARIETY_MATCH(0.0)|LOW_RS_MATCH(0.0)
Lady In Red 2019|22|,Lady In Red 2019,NO MATCH,22,,PORTION,Lady In Red,NO MATCH,NO MATCH,0.0,M26,NO MATCH,NO MATCH,0.0,2019,163,163.44,490.32,LOW_BLOCK_MATCH(0.0)|LOW_VARIETY_MATCH(0.0)|LOW_RS_MATCH(0.0)
MODI 1|1|,MODI 1,NO MATCH,1,,PORTION,Modi,NO MATCH,NO MATCH,0.0,M26,NO MATCH,NO MATCH,0.0,2015,145,145.0,435.0,LOW_BLOCK_MATCH(0.0)|LOW_VARIETY_MATCH(0.0)|LOW_RS_MATCH(0.0)
MODI 1|2|,MODI 1,NO MATCH,2,,PORTION,Modi,NO MATCH,NO MATCH,0.0,M26,NO MATCH,NO MATCH,0.0,2015,145,145.0,435.0,LOW_BLOCK_MATCH(0.0)|LOW_VARIETY_MATCH(0.0)|LOW_RS_MATCH(0.0)
MODI 1|3|,MODI 1,NO MATCH,3,,PORTION,Modi,NO MATCH,NO MATCH,0.0,M26,NO MATCH,NO MATCH,0.0,2015,145,145.0,435.0,LOW_BLOCK_MATCH(0.0)|LOW_VARIETY_MATCH(0.0)|LOW_RS_MATCH(0.0)
MODI 1|4|,MODI 1,NO MATCH,4,,PORTION,Modi,NO MATCH,NO MATCH,0.0,M26,NO MATCH,NO MATCH,0.0,2015,145,145.0,435.0,LOW_BLOCK_MATCH(0.0)|LOW_VARIETY_MATCH(0.0)|LOW_RS_MATCH(0.0)
MODI 1|5|,MODI 1,NO MATCH,5,,PORTION,Modi,NO MATCH,NO MATCH,0.0,M26,NO MATCH,NO MATCH,0.0,2015,145,145.0,435.0,LOW_BLOCK_MATCH(0.0)|LOW_VARIETY_MATCH(0.0)|LOW_RS_MATCH(0.0)
MODI 1|6|,MODI 1,NO MATCH,6,,PORTION,Modi,NO MATCH,NO MATCH,0.0,M26,NO MATCH,NO MATCH,0.0,2015,145,145.0,435.0,LOW_BLOCK_MATCH(0.0)|LOW_VARIETY_MATCH(0.0)|LOW_RS_MATCH(0.0)
MODI 1|7|,MODI 1,NO MATCH,7,,PORTION,Modi,NO MATCH,NO MATCH,0.0,M26,NO MATCH,NO MATCH,0.0,2015,145,145.0,435.0,LOW_BLOCK_MATCH(0.0)|LOW_VARIETY_MATCH(0.0)|LOW_RS_MATCH(0.0)
MODI 1|8|,MODI 1,NO MATCH,8,,PORTION,Modi,NO MATCH,NO MATCH,0.0,M26,NO MATCH,NO MATCH,0.0,2015,145,145.0,435.0,LOW_BLOCK_MATCH(0.0)|LOW_VARIETY_MATCH(0.0)|LOW_RS_MATCH(0.0)
MODI 1|9|,MODI 1,NO MATCH,9,,PORTION,Modi,NO MATCH,NO MATCH,0.0,M26,NO MATCH,NO MATCH,0.0,2015,145,145.0,435.0,LOW_BLOCK_MATCH(0.0)|LOW_VARIETY_MATCH(0.0)|LOW_RS_MATCH(0.0)
MODI 1|10|,MODI 1,NO MATCH,10,,PORTION,Modi,NO MATCH,NO MATCH,0.0,M26,NO MATCH,NO MATCH,0.0,2015,145,145.0,435.0,LOW_BLOCK_MATCH(0.0)|LOW_VARIETY_MATCH(0.0)|LOW_RS_MATCH(0.0)
MODI 1|11|,MODI 1,NO MATCH,11,,PORTION,Modi,NO MATCH,NO MATCH,0.0,M26,NO MATCH,NO MATCH,0.0,2015,145,145.0,435.0,LOW_BLOCK_MATCH(0.0)|LOW_VARIETY_MATCH(0.0)|LOW_RS_MATCH(0.0)
MODI 1|12|,MODI 1,NO MATCH,12,,PORTION,Modi,NO MATCH,NO MATCH,0.0,M26,NO MATCH,NO MATCH,0.0,2015,145,145.0,435.0,LOW_BLOCK_MATCH(0.0)|LOW_VARIETY_MATCH(0.0)|LOW_RS_MATCH(0.0)
MODI 1|13|,MODI 1,NO MATCH,13,,PORTION,Modi,NO MATCH,NO MATCH,0.0,M26,NO MATCH,NO MATCH,0.0,2015,145,145.0,435.0,LOW_BLOCK_MATCH(0.0)|LOW_VARIETY_MATCH(0.0)|LOW_RS_MATCH(0.0)
MODI 1|14|,MODI 1,NO MATCH,14,,PORTION,Modi,NO MATCH,NO MATCH,0.0,M26,NO MATCH,NO MATCH,0.0,2015,145,145.0,435.0,LOW_BLOCK_MATCH(0.0)|LOW_VARIETY_MATCH(0.0)|LOW_RS_MATCH(0.0)
MODI 1|15|,MODI 1,NO MATCH,15,,PORTION,Modi,NO MATCH,NO MATCH,0.0,M26,NO MATCH,NO MATCH,0.0,2015,145,145.0,435.0,LOW_BLOCK_MATCH(0.0)|LOW_VARIETY_MATCH(0.0)|LOW_RS_MATCH(0.0)
MODI 1|16|,MODI 1,NO MATCH,16,,PORTION,Modi,NO MATCH,NO MATCH,0.0,M26,NO MATCH,NO MATCH,0.0,2015,145,145.0,435.0,LOW_BLOCK_MATCH(0.0)|LOW_VARIETY_MATCH(0.0)|LOW_RS_MATCH(0.0)
MODI 1|17|,MODI 1,NO MATCH,17,,PORTION,Modi,NO MATCH,NO MATCH,0.0,M26,NO MATCH,NO MATCH,0.0,2015,145,145.0,435.0,LOW_BLOCK_MATCH(0.0)|LOW_VARIETY_MATCH(0.0)|LOW_RS_MATCH(0.0)
MODI 1|18|,MODI 1,NO MATCH,18,,PORTION,Modi,NO MATCH,NO MATCH,0.0,M26,NO MATCH,NO MATCH,0.0,2015,145,145.0,435.0,LOW_BLOCK_MATCH(0.0)|LOW_VARIETY_MATCH(0.0)|LOW_RS_MATCH(0.0)
MODI 1|19|,MODI 1,NO MATCH,19,,PORTION,Modi,NO MATCH,NO MATCH,0.0,M26,NO MATCH,NO MATCH,0.0,2015,145,145.0,435.0,LOW_BLOCK_MATCH(0.0)|LOW_VARIETY_MATCH(0.0)|LOW_RS_MATCH(0.0)
MODI 1|20|,MODI 1,NO MATCH,20,,PORTION,Modi,NO MATCH,NO MATCH,0.0,M26,NO MATCH,NO MATCH,0.0,2015,145,145.0,435.0,LOW_BLOCK_MATCH(0.0)|LOW_VARIETY_MATCH(0.0)|LOW_RS_MATCH(0.0)
MODI 1|21|,MODI 1,NO MATCH,21,,PORTION,Modi,NO MATCH,NO MATCH,0.0,M26,NO MATCH,NO MATCH,0.0,2015,145,145.0,435.0,LOW_BLOCK_MATCH(0.0)|LOW_VARIETY_MATCH(0.0)|LOW_RS_MATCH(0.0)
MODI 1|22|,MODI 1,NO MATCH,22,,PORTION,Modi,NO MATCH,NO MATCH,0.0,M26,NO MATCH,NO MATCH,0.0,2015,145,145.0,435.0,LOW_BLOCK_MATCH(0.0)|LOW_VARIETY_MATCH(0.0)|LOW_RS_MATCH(0.0)
MODI 1|23|,MODI 1,NO MATCH,23,,PORTION,Modi,NO MATCH,NO MATCH,0.0,M26,NO MATCH,NO MATCH,0.0,2015,145,145.0,435.0,LOW_BLOCK_MATCH(0.0)|LOW_VARIETY_MATCH(0.0)|LOW_RS_MATCH(0.0)
MODI 1|24|,MODI 1,NO MATCH,24,,PORTION,Modi,NO MATCH,NO MATCH,0.0,M26,NO MATCH,NO MATCH,0.0,2015,145,145.0,435.0,LOW_BLOCK_MATCH(0.0)|LOW_VARIETY_MATCH(0.0)|LOW_RS_MATCH(0.0)
MODI 1|25|,MODI 1,NO MATCH,25,,PORTION,Modi,NO MATCH,NO MATCH,0.0,M26,NO MATCH,NO MATCH,0.0,2015,45,45.0,135.0,LOW_BLOCK_MATCH(0.0)|LOW_VARIETY_MATCH(0.0)|LOW_RS_MATCH(0.0)
MODI 1|25|,MODI 1,NO MATCH,25,,PORTION,Modi,NO MATCH,NO MATCH,0.0,M9,NO MATCH,NO MATCH,0.0,2015,100,100.0,300.0,LOW_BLOCK_MATCH(0.0)|LOW_VARIETY_MATCH(0.0)|LOW_RS_MATCH(0.0)
MODI 2|1|,MODI 2,NO MATCH,1,,PORTION,Modi,NO MATCH,NO MATCH,0.0,M9,NO MATCH,NO MATCH,0.0,2016,130,130.5,391.5,LOW_BLOCK_MATCH(0.0)|LOW_VARIETY_MATCH(0.0)|LOW_RS_MATCH(0.0)
MODI 2|2|,MODI 2,NO MATCH,2,,PORTION,Modi,NO MATCH,NO MATCH,0.0,M9,NO MATCH,NO MATCH,0.0,2016,130,130.5,391.5,LOW_BLOCK_MATCH(0.0)|LOW_VARIETY_MATCH(0.0)|LOW_RS_MATCH(0.0)
MODI 2|3|,MODI 2,NO MATCH,3,,PORTION,Modi,NO MATCH,NO MATCH,0.0,M9,NO MATCH,NO MATCH,0.0,2016,130,130.5,391.5,LOW_BLOCK_MATCH(0.0)|LOW_VARIETY_MATCH(0.0)|LOW_RS_MATCH(0.0)
MODI 2|4|,MODI 2,NO MATCH,4,,PORTION,Modi,NO MATCH,NO MATCH,0.0,M9,NO MATCH,NO MATCH,0.0,2016,130,130.5,391.5,LOW_BLOCK_MATCH(0.0)|LOW_VARIETY_MATCH(0.0)|LOW_RS_MATCH(0.0)
MODI 2|5|,MODI 2,NO MATCH,5,,PORTION,Modi,NO MATCH,NO MATCH,0.0,M9,NO MATCH,NO MATCH,0.0,2016,130,130.5,391.5,LOW_BLOCK_MATCH(0.0)|LOW_VARIETY_MATCH(0.0)|LOW_RS_MATCH(0.0)
MODI 2|6|,MODI 2,NO MATCH,6,,PORTION,Modi,NO MATCH,NO MATCH,0.0,M9,NO MATCH,NO MATCH,0.0,2016,130,130.5,391.5,LOW_BLOCK_MATCH(0.0)|LOW_VARIETY_MATCH(0.0)|LOW_RS_MATCH(0.0)
MODI 2|7|,MODI 2,NO MATCH,7,,PORTION,Modi,NO MATCH,NO MATCH,0.0,M9,NO MATCH,NO MATCH,0.0,2016,130,130.5,391.5,LOW_BLOCK_MATCH(0.0)|LOW_VARIETY_MATCH(0.0)|LOW_RS_MATCH(0.0)
MODI 2|8|,MODI 2,NO MATCH,8,,PORTION,Modi,NO MATCH,NO MATCH,0.0,M9,NO MATCH,NO MATCH,0.0,2016,130,130.5,391.5,LOW_BLOCK_MATCH(0.0)|LOW_VARIETY_MATCH(0.0)|LOW_RS_MATCH(0.0)
MODI 2|9|,MODI 2,NO MATCH,9,,PORTION,Modi,NO MATCH,NO MATCH,0.0,M9,NO MATCH,NO MATCH,0.0,2016,130,130.5,391.5,LOW_BLOCK_MATCH(0.0)|LOW_VARIETY_MATCH(0.0)|LOW_RS_MATCH(0.0)
MODI 2|10|,MODI 2,NO MATCH,10,,PORTION,Modi,NO MATCH,NO MATCH,0.0,M9,NO MATCH,NO MATCH,0.0,2016,130,130.5,391.5,LOW_BLOCK_MATCH(0.0)|LOW_VARIETY_MATCH(0.0)|LOW_RS_MATCH(0.0)
MODI 2|11|,MODI 2,NO MATCH,11,,PORTION,Modi,NO MATCH,NO MATCH,0.0,M9,NO MATCH,NO MATCH,0.0,2016,130,130.5,391.5,LOW_BLOCK_MATCH(0.0)|LOW_VARIETY_MATCH(0.0)|LOW_RS_MATCH(0.0)
MODI 2|12|,MODI 2,NO MATCH,12,,PORTION,Modi,NO MATCH,NO MATCH,0.0,M9,NO MATCH,NO MATCH,0.0,2016,130,130.5,391.5,LOW_BLOCK_MATCH(0.0)|LOW_VARIETY_MATCH(0.0)|LOW_RS_MATCH(0.0)
MODI 2|13|,MODI 2,NO MATCH,13,,PORTION,Modi,NO MATCH,NO MATCH,0.0,M9,NO MATCH,NO MATCH,0.0,2016,130,130.5,391.5,LOW_BLOCK_MATCH(0.0)|LOW_VARIETY_MATCH(0.0)|LOW_RS_MATCH(0.0)
MODI 2|14|,MODI 2,NO MATCH,14,,PORTION,Modi,NO MATCH,NO MATCH,0.0,M9,NO MATCH,NO MATCH,0.0,2016,130,130.5,391.5,LOW_BLOCK_MATCH(0.0)|LOW_VARIETY_MATCH(0.0)|LOW_RS_MATCH(0.0)
MODI 2|15|,MODI 2,NO MATCH,15,,PORTION,Modi,NO MATCH,NO MATCH,0.0,M9,NO MATCH,NO MATCH,0.0,2016,130,130.5,391.5,LOW_BLOCK_MATCH(0.0)|LOW_VARIETY_MATCH(0.0)|LOW_RS_MATCH(0.0)
MODI 2|16|,MODI 2,NO MATCH,16,,PORTION,Modi,NO MATCH,NO MATCH,0.0,M9,NO MATCH,NO MATCH,0.0,2016,130,130.5,391.5,LOW_BLOCK_MATCH(0.0)|LOW_VARIETY_MATCH(0.0)|LOW_RS_MATCH(0.0)
MODI 2|17|,MODI 2,NO MATCH,17,,PORTION,Modi,NO MATCH,NO MATCH,0.0,M9,NO MATCH,NO MATCH,0.0,2016,130,130.5,391.5,LOW_BLOCK_MATCH(0.0)|LOW_VARIETY_MATCH(0.0)|LOW_RS_MATCH(0.0)
MODI 2|18|,MODI 2,NO MATCH,18,,PORTION,Modi,NO MATCH,NO MATCH,0.0,M9,NO MATCH,NO MATCH,0.0,2016,130,130.5,391.5,LOW_BLOCK_MATCH(0.0)|LOW_VARIETY_MATCH(0.0)|LOW_RS_MATCH(0.0)
MODI 2|19|,MODI 2,NO MATCH,19,,PORTION,Modi,NO MATCH,NO MATCH,0.0,M9,NO MATCH,NO MATCH,0.0,2016,130,130.5,391.5,LOW_BLOCK_MATCH(0.0)|LOW_VARIETY_MATCH(0.0)|LOW_RS_MATCH(0.0)
MODI 2|20|,MODI 2,NO MATCH,20,,PORTION,Modi,NO MATCH,NO MATCH,0.0,M9,NO MATCH,NO MATCH,0.0,2016,130,130.5,391.5,LOW_BLOCK_MATCH(0.0)|LOW_VARIETY_MATCH(0.0)|LOW_RS_MATCH(0.0)
MODI 2|21|,MODI 2,NO MATCH,21,,PORTION,Modi,NO MATCH,NO MATCH,0.0,M9,NO MATCH,NO MATCH,0.0,2016,130,130.5,391.5,LOW_BLOCK_MATCH(0.0)|LOW_VARIETY_MATCH(0.0)|LOW_RS_MATCH(0.0)
MODI 2|22|,MODI 2,NO MATCH,22,,PORTION,Modi,NO MATCH,NO MATCH,0.0,M9,NO MATCH,NO MATCH,0.0,2016,130,130.5,391.5,LOW_BLOCK_MATCH(0.0)|LOW_VARIETY_MATCH(0.0)|LOW_RS_MATCH(0.0)
MODI 2|23|,MODI 2,NO MATCH,23,,PORTION,Modi,NO MATCH,NO MATCH,0.0,M9,NO MATCH,NO MATCH,0.0,2016,130,130.5,391.5,LOW_BLOCK_MATCH(0.0)|LOW_VARIETY_MATCH(0.0)|LOW_RS_MATCH(0.0)
MODI 2|24|,MODI 2,NO MATCH,24,,PORTION,Modi,NO MATCH,NO MATCH,0.0,M9,NO MATCH,NO MATCH,0.0,2016,130,130.5,391.5,LOW_BLOCK_MATCH(0.0)|LOW_VARIETY_MATCH(0.0)|LOW_RS_MATCH(0.0)
MODI 2|25|,MODI 2,NO MATCH,25,,PORTION,Modi,NO MATCH,NO MATCH,0.0,M9,NO MATCH,NO MATCH,0.0,2016,130,130.5,391.5,LOW_BLOCK_MATCH(0.0)|LOW_VARIETY_MATCH(0.0)|LOW_RS_MATCH(0.0)
MODI 2|26|,MODI 2,NO MATCH,26,,PORTION,Modi,NO MATCH,NO MATCH,0.0,M9,NO MATCH,NO MATCH,0.0,2016,130,130.5,391.5,LOW_BLOCK_MATCH(0.0)|LOW_VARIETY_MATCH(0.0)|LOW_RS_MATCH(0.0)
ROB DWARF PL|1|,ROB DWARF PL,NO MATCH,1,,PORTION,P/L,NO MATCH,NO MATCH,0.0,109/M26,NO MATCH,NO MATCH,0.0,2004,86,147.0,661.5,LOW_BLOCK_MATCH(0.0)|LOW_VARIETY_MATCH(0.0)|LOW_RS_MATCH(0.0)
ROB DWARF PL|2|,ROB DWARF PL,NO MATCH,2,,PORTION,P/L,NO MATCH,NO MATCH,0.0,109/M26,NO MATCH,NO MATCH,0.0,2004,86,147.0,661.5,LOW_BLOCK_MATCH(0.0)|LOW_VARIETY_MATCH(0.0)|LOW_RS_MATCH(0.0)
ROB DWARF PL|3|,ROB DWARF PL,NO MATCH,3,,PORTION,P/L,NO MATCH,NO MATCH,0.0,109/M26,NO MATCH,NO MATCH,0.0,2004,86,147.0,661.5,LOW_BLOCK_MATCH(0.0)|LOW_VARIETY_MATCH(0.0)|LOW_RS_MATCH(0.0)
ROB DWARF PL|4|,ROB DWARF PL,NO MATCH,4,,PORTION,P/L,NO MATCH,NO MATCH,0.0,109/M26,NO MATCH,NO MATCH,0.0,2004,86,147.0,661.5,LOW_BLOCK_MATCH(0.0)|LOW_VARIETY_MATCH(0.0)|LOW_RS_MATCH(0.0)
ROB DWARF PL|5|,ROB DWARF PL,NO MATCH,5,,PORTION,P/L,NO MATCH,NO MATCH,0.0,109/M26,NO MATCH,NO MATCH,0.0,2004,86,147.0,661.5,LOW_BLOCK_MATCH(0.0)|LOW_VARIETY_MATCH(0.0)|LOW_RS_MATCH(0.0)
ROB DWARF PL|6|,ROB DWARF PL,NO MATCH,6,,PORTION,P/L,NO MATCH,NO MATCH,0.0,109/M26,NO MATCH,NO MATCH,0.0,2004,86,147.0,661.5,LOW_BLOCK_MATCH(0.0)|LOW_VARIETY_MATCH(0.0)|LOW_RS_MATCH(0.0)
ROB DWARF PL|7|,ROB DWARF PL,NO MATCH,7,,PORTION,P/L,NO MATCH,NO MATCH,0.0,109/M26,NO MATCH,NO MATCH,0.0,2004,86,147.0,661.5,LOW_BLOCK_MATCH(0.0)|LOW_VARIETY_MATCH(0.0)|LOW_RS_MATCH(0.0)
ROB DWARF PL|8|,ROB DWARF PL,NO MATCH,8,,PORTION,P/L,NO MATCH,NO MATCH,0.0,109/M26,NO MATCH,NO MATCH,0.0,2004,86,147.0,661.5,LOW_BLOCK_MATCH(0.0)|LOW_VARIETY_MATCH(0.0)|LOW_RS_MATCH(0.0)
ROB DWARF PL|9|,ROB DWARF PL,NO MATCH,9,,PORTION,P/L,NO MATCH,NO MATCH,0.0,109/M26,NO MATCH,NO MATCH,0.0,2004,86,147.0,661.5,LOW_BLOCK_MATCH(0.0)|LOW_VARIETY_MATCH(0.0)|LOW_RS_MATCH(0.0)
ROB DWARF PL|10|,ROB DWARF PL,NO MATCH,10,,PORTION,P/L,NO MATCH,NO MATCH,0.0,109/M26,NO MATCH,NO MATCH,0.0,2004,86,147.0,661.5,LOW_BLOCK_MATCH(0.0)|LOW_VARIETY_MATCH(0.0)|LOW_RS_MATCH(0.0)
ROB DWARF PL|11|,ROB DWARF PL,NO MATCH,11,,PORTION,P/L,NO MATCH,NO MATCH,0.0,109/M26,NO MATCH,NO MATCH,0.0,2004,86,147.0,661.5,LOW_BLOCK_MATCH(0.0)|LOW_VARIETY_MATCH(0.0)|LOW_RS_MATCH(0.0)
ROB DWARF PL|12|,ROB DWARF PL,NO MATCH,12,,PORTION,P/L,NO MATCH,NO MATCH,0.0,109/M26,NO MATCH,NO MATCH,0.0,2004,86,147.0,661.5,LOW_BLOCK_MATCH(0.0)|LOW_VARIETY_MATCH(0.0)|LOW_RS_MATCH(0.0)
ROB DWARF PL|13|,ROB DWARF PL,NO MATCH,13,,PORTION,P/L,NO MATCH,NO MATCH,0.0,109/M26,NO MATCH,NO MATCH,0.0,2004,87,147.0,661.5,LOW_BLOCK_MATCH(0.0)|LOW_VARIETY_MATCH(0.0)|LOW_RS_MATCH(0.0)
ROB DWARF PL|14|,ROB DWARF PL,NO MATCH,14,,PORTION,P/L,NO MATCH,NO MATCH,0.0,109/M26,NO MATCH,NO MATCH,0.0,2004,87,147.0,661.5,LOW_BLOCK_MATCH(0.0)|LOW_VARIETY_MATCH(0.0)|LOW_RS_MATCH(0.0)
ROB DWARF PL|15|,ROB DWARF PL,NO MATCH,15,,PORTION,P/L,NO MATCH,NO MATCH,0.0,109/M26,NO MATCH,NO MATCH,0.0,2004,87,147.0,661.5,LOW_BLOCK_MATCH(0.0)|LOW_VARIETY_MATCH(0.0)|LOW_RS_MATCH(0.0)
ROB DWARF PL|16|,ROB DWARF PL,NO MATCH,16,,PORTION,P/L,NO MATCH,NO MATCH,0.0,109/M26,NO MATCH,NO MATCH,0.0,2004,87,147.0,661.5,LOW_BLOCK_MATCH(0.0)|LOW_VARIETY_MATCH(0.0)|LOW_RS_MATCH(0.0)
ROB DWARF PL|17|,ROB DWARF PL,NO MATCH,17,,PORTION,P/L,NO MATCH,NO MATCH,0.0,109/M26,NO MATCH,NO MATCH,0.0,2004,87,147.0,661.5,LOW_BLOCK_MATCH(0.0)|LOW_VARIETY_MATCH(0.0)|LOW_RS_MATCH(0.0)
ROB DWARF PL|18|,ROB DWARF PL,NO MATCH,18,,PORTION,P/L,NO MATCH,NO MATCH,0.0,109/M26,NO MATCH,NO MATCH,0.0,2004,87,147.0,661.5,LOW_BLOCK_MATCH(0.0)|LOW_VARIETY_MATCH(0.0)|LOW_RS_MATCH(0.0)
ROB DWARF PL|19|,ROB DWARF PL,NO MATCH,19,,PORTION,P/L,NO MATCH,NO MATCH,0.0,109/M26,NO MATCH,NO MATCH,0.0,2004,87,147.0,661.5,LOW_BLOCK_MATCH(0.0)|LOW_VARIETY_MATCH(0.0)|LOW_RS_MATCH(0.0)
ROB DWARF PL|20|,ROB DWARF PL,NO MATCH,20,,PORTION,P/L,NO MATCH,NO MATCH,0.0,109/M26,NO MATCH,NO MATCH,0.0,2004,87,147.0,661.5,LOW_BLOCK_MATCH(0.0)|LOW_VARIETY_MATCH(0.0)|LOW_RS_MATCH(0.0)
ROB DWARF PL|21|,ROB DWARF PL,NO MATCH,21,,PORTION,P/L,NO MATCH,NO MATCH,0.0,109/M26,NO MATCH,NO MATCH,0.0,2004,87,147.0,661.5,LOW_BLOCK_MATCH(0.0)|LOW_VARIETY_MATCH(0.0)|LOW_RS_MATCH(0.0)
ROB DWARF PL|22|,ROB DWARF PL,NO MATCH,22,,PORTION,P/L,NO MATCH,NO MATCH,0.0,109/M26,NO MATCH,NO MATCH,0.0,2004,87,147.0,661.5,LOW_BLOCK_MATCH(0.0)|LOW_VARIETY_MATCH(0.0)|LOW_RS_MATCH(0.0)
ROB DWARF PL|23|,ROB DWARF PL,NO MATCH,23,,PORTION,P/L,NO MATCH,NO MATCH,0.0,109/M26,NO MATCH,NO MATCH,0.0,2004,87,147.0,661.5,LOW_BLOCK_MATCH(0.0)|LOW_VARIETY_MATCH(0.0)|LOW_RS_MATCH(0.0)
ROB DWARF PL|24|,ROB DWARF PL,NO MATCH,24,,PORTION,P/L,NO MATCH,NO MATCH,0.0,109/M26,NO MATCH,NO MATCH,0.0,2004,87,147.0,661.5,LOW_BLOCK_MATCH(0.0)|LOW_VARIETY_MATCH(0.0)|LOW_RS_MATCH(0.0)
ROB DWARF PL|25|,ROB DWARF PL,NO MATCH,25,,PORTION,P/L,NO MATCH,NO MATCH,0.0,109/M26,NO MATCH,NO MATCH,0.0,2004,87,147.0,661.5,LOW_BLOCK_MATCH(0.0)|LOW_VARIETY_MATCH(0.0)|LOW_RS_MATCH(0.0)
ROB DWARF PL|26|,ROB DWARF PL,NO MATCH,26,,PORTION,P/L,NO MATCH,NO MATCH,0.0,109/M26,NO MATCH,NO MATCH,0.0,2004,87,147.0,661.5,LOW_BLOCK_MATCH(0.0)|LOW_VARIETY_MATCH(0.0)|LOW_RS_MATCH(0.0)
ROB DWARF PL|27|,ROB DWARF PL,NO MATCH,27,,PORTION,P/L,NO MATCH,NO MATCH,0.0,109/M26,NO MATCH,NO MATCH,0.0,2004,87,147.0,661.5,LOW_BLOCK_MATCH(0.0)|LOW_VARIETY_MATCH(0.0)|LOW_RS_MATCH(0.0)
ROB DWARF PL|28|,ROB DWARF PL,NO MATCH,28,,PORTION,P/L,NO MATCH,NO MATCH,0.0,109/M26,NO MATCH,NO MATCH,0.0,2004,87,147.0,661.5,LOW_BLOCK_MATCH(0.0)|LOW_VARIETY_MATCH(0.0)|LOW_RS_MATCH(0.0)
ROB DWARF PL|29|,ROB DWARF PL,NO MATCH,29,,PORTION,P/L,NO MATCH,NO MATCH,0.0,109/M26,NO MATCH,NO MATCH,0.0,2004,87,147.0,661.5,LOW_BLOCK_MATCH(0.0)|LOW_VARIETY_MATCH(0.0)|LOW_RS_MATCH(0.0)
ROB DWARF PL|30|,ROB DWARF PL,NO MATCH,30,,PORTION,P/L,NO MATCH,NO MATCH,0.0,109/M26,NO MATCH,NO MATCH,0.0,2004,87,147.0,661.5,LOW_BLOCK_MATCH(0.0)|LOW_VARIETY_MATCH(0.0)|LOW_RS_MATCH(0.0)
ROB DWARF PL|31|,ROB DWARF PL,NO MATCH,31,,PORTION,P/L,NO MATCH,NO MATCH,0.0,109/M26,NO MATCH,NO MATCH,0.0,2004,87,147.0,661.5,LOW_BLOCK_MATCH(0.0)|LOW_VARIETY_MATCH(0.0)|LOW_RS_MATCH(0.0)
ROB DWARF PL|32|,ROB DWARF PL,NO MATCH,32,,PORTION,P/L,NO MATCH,NO MATCH,0.0,109/M26,NO MATCH,NO MATCH,0.0,2004,83,142.7,642.15,LOW_BLOCK_MATCH(0.0)|LOW_VARIETY_MATCH(0.0)|LOW_RS_MATCH(0.0)
ROB DWARF PL|33|,ROB DWARF PL,NO MATCH,33,,PORTION,P/L,NO MATCH,NO MATCH,0.0,109/M26,NO MATCH,NO MATCH,0.0,2004,69,129.2,581.4,LOW_BLOCK_MATCH(0.0)|LOW_VARIETY_MATCH(0.0)|LOW_RS_MATCH(0.0)
ROB DWARF PL|34|,ROB DWARF PL,NO MATCH,34,,PORTION,P/L,NO MATCH,NO MATCH,0.0,109/M26,NO MATCH,NO MATCH,0.0,2004,51,109.2,491.40000000000003,LOW_BLOCK_MATCH(0.0)|LOW_VARIETY_MATCH(0.0)|LOW_RS_MATCH(0.0)
ROB DWARF PL|35|,ROB DWARF PL,NO MATCH,35,,PORTION,P/L,NO MATCH,NO MATCH,0.0,109/M26,NO MATCH,NO MATCH,0.0,2004,41,84.0,378.0,LOW_BLOCK_MATCH(0.0)|LOW_VARIETY_MATCH(0.0)|LOW_RS_MATCH(0.0)
ROB DWARF PL|36|,ROB DWARF PL,NO MATCH,36,,PORTION,P/L,NO MATCH,NO MATCH,0.0,109/M26,NO MATCH,NO MATCH,0.0,2004,29,49.3,221.85,LOW_BLOCK_MATCH(0.0)|LOW_VARIETY_MATCH(0.0)|LOW_RS_MATCH(0.0)
ROB DWARF PL|37|,ROB DWARF PL,NO MATCH,37,,PORTION,P/L,NO MATCH,NO MATCH,0.0,109/M26,NO MATCH,NO MATCH,0.0,2004,16,27.0,121.5,LOW_BLOCK_MATCH(0.0)|LOW_VARIETY_MATCH(0.0)|LOW_RS_MATCH(0.0)
S/Shed|1|,S/Shed,NO MATCH,1,,PORTION,Gala,NO MATCH,NO MATCH,0.0,104,NO MATCH,NO MATCH,0.0,2017,338,175.76000000000002,878.8000000000001,LOW_BLOCK_MATCH(0.0)|LOW_VARIETY_MATCH(0.0)|LOW_RS_MATCH(0.0)
S/Shed|2|,S/Shed,NO MATCH,2,,PORTION,Gala,NO MATCH,NO MATCH,0.0,104,NO MATCH,NO MATCH,0.0,2017,330,171.6,858.0,LOW_BLOCK_MATCH(0.0)|LOW_VARIETY_MATCH(0.0)|LOW_RS_MATCH(0.0)
S/Shed|2|,S/Shed,NO MATCH,2,,PORTION,P/L,NO MATCH,NO MATCH,0.0,109,NO MATCH,NO MATCH,0.0,1997,9,18.0,90.0,LOW_BLOCK_MATCH(0.0)|LOW_VARIETY_MATCH(0.0)|LOW_RS_MATCH(0.0)
S/Shed|3|,S/Shed,NO MATCH,3,,PORTION,P/L,NO MATCH,NO MATCH,0.0,109,NO MATCH,NO MATCH,0.0,1990,74,184.26000000000002,921.3000000000001,LOW_BLOCK_MATCH(0.0)|LOW_VARIETY_MATCH(0.0)|LOW_RS_MATCH(0.0)
S/Shed|3|,S/Shed,NO MATCH,3,,PORTION,P/L,NO MATCH,NO MATCH,0.0,109,NO MATCH,NO MATCH,0.0,1997,12,24.0,120.0,LOW_BLOCK_MATCH(0.0)|LOW_VARIETY_MATCH(0.0)|LOW_RS_MATCH(0.0)
S/Shed|4|,S/Shed,NO MATCH,4,,PORTION,P/L,NO MATCH,NO MATCH,0.0,109,NO MATCH,NO MATCH,0.0,1990,71,176.79000000000002,883.95,LOW_BLOCK_MATCH(0.0)|LOW_VARIETY_MATCH(0.0)|LOW_RS_MATCH(0.0)
S/Shed|4|,S/Shed,NO MATCH,4,,PORTION,P/L,NO MATCH,NO MATCH,0.0,109,NO MATCH,NO MATCH,0.0,1997,22,44.0,220.0,LOW_BLOCK_MATCH(0.0)|LOW_VARIETY_MATCH(0.0)|LOW_RS_MATCH(0.0)
S/Shed|5|,S/Shed,NO MATCH,5,,PORTION,S/D,NO MATCH,NO MATCH,0.0,109,NO MATCH,NO MATCH,0.0,1990,86,172.0,860.0,LOW_BLOCK_MATCH(0.0)|LOW_VARIETY_MATCH(0.0)|LOW_RS_MATCH(0.0)
S/Shed|5|,S/Shed,NO MATCH,5,,PORTION,P/L,NO MATCH,NO MATCH,0.0,109,NO MATCH,NO MATCH,0.0,1997,22,44.0,220.0,LOW_BLOCK_MATCH(0.0)|LOW_VARIETY_MATCH(0.0)|LOW_RS_MATCH(0.0)
S/Shed|6|,S/Shed,NO MATCH,6,,PORTION,S/D,NO MATCH,NO MATCH,0.0,109,NO MATCH,NO MATCH,0.0,1990,84,168.0,840.0,LOW_BLOCK_MATCH(0.0)|LOW_VARIETY_MATCH(0.0)|LOW_RS_MATCH(0.0)
S/Shed|6|,S/Shed,NO MATCH,6,,PORTION,P/L,NO MATCH,NO MATCH,0.0,109,NO MATCH,NO MATCH,0.0,1997,23,46.0,230.0,LOW_BLOCK_MATCH(0.0)|LOW_VARIETY_MATCH(0.0)|LOW_RS_MATCH(0.0)
S/Shed|7|,S/Shed,NO MATCH,7,,PORTION,06 P/L,NO MATCH,NO MATCH,0.0,106,NO MATCH,NO MATCH,0.0,2006,104,215.0,1075.0,LOW_BLOCK_MATCH(0.0)|LOW_VARIETY_MATCH(0.0)|LOW_RS_MATCH(0.0)
S/Shed|8|,S/Shed,NO MATCH,8,,PORTION,06 P/L,NO MATCH,NO MATCH,0.0,106,NO MATCH,NO MATCH,0.0,2006,102,215.0,1075.0,LOW_BLOCK_MATCH(0.0)|LOW_VARIETY_MATCH(0.0)|LOW_RS_MATCH(0.0)
S/Shed|9|,S/Shed,NO MATCH,9,,PORTION,P/L,NO MATCH,NO MATCH,0.0,109,NO MATCH,NO MATCH,0.0,1990,65,161.85000000000002,809.2500000000001,LOW_BLOCK_MATCH(0.0)|LOW_VARIETY_MATCH(0.0)|LOW_RS_MATCH(0.0)
S/Shed|9|,S/Shed,NO MATCH,9,,PORTION,P/L,NO MATCH,NO MATCH,0.0,109,NO MATCH,NO MATCH,0.0,1997,22,44.0,220.0,LOW_BLOCK_MATCH(0.0)|LOW_VARIETY_MATCH(0.0)|LOW_RS_MATCH(0.0)
S/Shed|10|,S/Shed,NO MATCH,10,,PORTION,P/L,NO MATCH,NO MATCH,0.0,109,NO MATCH,NO MATCH,0.0,1990,70,174.3,871.5,LOW_BLOCK_MATCH(0.0)|LOW_VARIETY_MATCH(0.0)|LOW_RS_MATCH(0.0)
S/Shed|10|,S/Shed,NO MATCH,10,,PORTION,P/L,NO MATCH,NO MATCH,0.0,109,NO MATCH,NO MATCH,0.0,1997,22,44.0,220.0,LOW_BLOCK_MATCH(0.0)|LOW_VARIETY_MATCH(0.0)|LOW_RS_MATCH(0.0)
S/Shed|11|,S/Shed,NO MATCH,11,,PORTION,S/D,NO MATCH,NO MATCH,0.0,109,NO MATCH,NO MATCH,0.0,1990,87,174.0,870.0,LOW_BLOCK_MATCH(0.0)|LOW_VARIETY_MATCH(0.0)|LOW_RS_MATCH(0.0)
S/Shed|11|,S/Shed,NO MATCH,11,,PORTION,P/L,NO MATCH,NO MATCH,0.0,109,NO MATCH,NO MATCH,0.0,1997,22,44.0,220.0,LOW_BLOCK_MATCH(0.0)|LOW_VARIETY_MATCH(0.0)|LOW_RS_MATCH(0.0)
S/Shed|12|,S/Shed,NO MATCH,12,,PORTION,S/D,NO MATCH,NO MATCH,0.0,109,NO MATCH,NO MATCH,0.0,1990,83,166.0,830.0,LOW_BLOCK_MATCH(0.0)|LOW_VARIETY_MATCH(0.0)|LOW_RS_MATCH(0.0)
S/Shed|12|,S/Shed,NO MATCH,12,,PORTION,P/L,NO MATCH,NO MATCH,0.0,109,NO MATCH,NO MATCH,0.0,1997,22,44.0,220.0,LOW_BLOCK_MATCH(0.0)|LOW_VARIETY_MATCH(0.0)|LOW_RS_MATCH(0.0)
S/Shed|13|,S/Shed,NO MATCH,13,,PORTION,P/L,NO MATCH,NO MATCH,0.0,109,NO MATCH,NO MATCH,0.0,1990,60,149.4,747.0,LOW_BLOCK_MATCH(0.0)|LOW_VARIETY_MATCH(0.0)|LOW_RS_MATCH(0.0)
S/Shed|13|,S/Shed,NO MATCH,13,,PORTION,P/L,NO MATCH,NO MATCH,0.0,109,NO MATCH,NO MATCH,0.0,1997,22,44.0,220.0,LOW_BLOCK_MATCH(0.0)|LOW_VARIETY_MATCH(0.0)|LOW_RS_MATCH(0.0)
S/Shed|14|,S/Shed,NO MATCH,14,,PORTION,P/L,NO MATCH,NO MATCH,0.0,109,NO MATCH,NO MATCH,0.0,1990,66,164.34,821.7,LOW_BLOCK_MATCH(0.0)|LOW_VARIETY_MATCH(0.0)|LOW_RS_MATCH(0.0)
S/Shed|15|,S/Shed,NO MATCH,15,,PORTION,S/D,NO MATCH,NO MATCH,0.0,109,NO MATCH,NO MATCH,0.0,1990,81,162.0,810.0,LOW_BLOCK_MATCH(0.0)|LOW_VARIETY_MATCH(0.0)|LOW_RS_MATCH(0.0)
S/Shed|16|,S/Shed,NO MATCH,16,,PORTION,S/D,NO MATCH,NO MATCH,0.0,109,NO MATCH,NO MATCH,0.0,1990,83,166.0,830.0,LOW_BLOCK_MATCH(0.0)|LOW_VARIETY_MATCH(0.0)|LOW_RS_MATCH(0.0)
S/Shed|17|,S/Shed,NO MATCH,17,,PORTION,P/L,NO MATCH,NO MATCH,0.0,109,NO MATCH,NO MATCH,0.0,1990,66,164.34,821.7,LOW_BLOCK_MATCH(0.0)|LOW_VARIETY_MATCH(0.0)|LOW_RS_MATCH(0.0)
S/Shed|18|,S/Shed,NO MATCH,18,,PORTION,P/L,NO MATCH,NO MATCH,0.0,109,NO MATCH,NO MATCH,0.0,1990,66,164.34,821.7,LOW_BLOCK_MATCH(0.0)|LOW_VARIETY_MATCH(0.0)|LOW_RS_MATCH(0.0)
S/Shed|19|,S/Shed,NO MATCH,19,,PORTION,S/D,NO MATCH,NO MATCH,0.0,109,NO MATCH,NO MATCH,0.0,1990,83,166.0,830.0,LOW_BLOCK_MATCH(0.0)|LOW_VARIETY_MATCH(0.0)|LOW_RS_MATCH(0.0)
S/Shed|20|,S/Shed,NO MATCH,20,,PORTION,S/D,NO MATCH,NO MATCH,0.0,109,NO MATCH,NO MATCH,0.0,1990,63,126.0,630.0,LOW_BLOCK_MATCH(0.0)|LOW_VARIETY_MATCH(0.0)|LOW_RS_MATCH(0.0)
S/Shed|21|,S/Shed,NO MATCH,21,,PORTION,06 P/L,NO MATCH,NO MATCH,0.0,106,NO MATCH,NO MATCH,0.0,2006,39,80.0,400.0,LOW_BLOCK_MATCH(0.0)|LOW_VARIETY_MATCH(0.0)|LOW_RS_MATCH(0.0)
S/Shed|22|,S/Shed,NO MATCH,22,,PORTION,P/L,NO MATCH,NO MATCH,0.0,109,NO MATCH,NO MATCH,0.0,1990,16,39.84,199.20000000000002,LOW_BLOCK_MATCH(0.0)|LOW_VARIETY_MATCH(0.0)|LOW_RS_MATCH(0.0)
S/Shed|23|,S/Shed,NO MATCH,23,,PORTION,P/L,NO MATCH,NO MATCH,0.0,109,NO MATCH,NO MATCH,0.0,1990,11,27.39,136.95,LOW_BLOCK_MATCH(0.0)|LOW_VARIETY_MATCH(0.0)|LOW_RS_MATCH(0.0)
STK- Pink Belle|1|,STK- Pink Belle,NO MATCH,1,,PORTION,P/L,NO MATCH,NO MATCH,0.0,109/spur P/L,NO MATCH,NO MATCH,0.0,2011,123,145.0,536.5,LOW_BLOCK_MATCH(0.0)|LOW_VARIETY_MATCH(0.0)|LOW_RS_MATCH(0.0)
STK- Pink Belle|2|,STK- Pink Belle,NO MATCH,2,,PORTION,P/L,NO MATCH,NO MATCH,0.0,109/spur P/L,NO MATCH,NO MATCH,0.0,2011,135,147.0,543.9,LOW_BLOCK_MATCH(0.0)|LOW_VARIETY_MATCH(0.0)|LOW_RS_MATCH(0.0)
STK- Pink Belle|3|,STK- Pink Belle,NO MATCH,3,,PORTION,P/L,NO MATCH,NO MATCH,0.0,109/spur P/L,NO MATCH,NO MATCH,0.0,2011,146,152.0,562.4,LOW_BLOCK_MATCH(0.0)|LOW_VARIETY_MATCH(0.0)|LOW_RS_MATCH(0.0)
STK- Pink Belle|4|,STK- Pink Belle,NO MATCH,4,,PORTION,P/L,NO MATCH,NO MATCH,0.0,109/spur P/L,NO MATCH,NO MATCH,0.0,2011,146,158.0,584.6,LOW_BLOCK_MATCH(0.0)|LOW_VARIETY_MATCH(0.0)|LOW_RS_MATCH(0.0)
STK- Pink Belle|5|,STK- Pink Belle,NO MATCH,5,,PORTION,P/L,NO MATCH,NO MATCH,0.0,109/spur P/L,NO MATCH,NO MATCH,0.0,2011,147,160.0,592.0,LOW_BLOCK_MATCH(0.0)|LOW_VARIETY_MATCH(0.0)|LOW_RS_MATCH(0.0)
STK- Pink Belle|6|,STK- Pink Belle,NO MATCH,6,,PORTION,P/L,NO MATCH,NO MATCH,0.0,109/spur P/L,NO MATCH,NO MATCH,0.0,2011,149,163.0,603.1,LOW_BLOCK_MATCH(0.0)|LOW_VARIETY_MATCH(0.0)|LOW_RS_MATCH(0.0)
STK- Pink Belle|7|,STK- Pink Belle,NO MATCH,7,,PORTION,P/L,NO MATCH,NO MATCH,0.0,109/spur P/L,NO MATCH,NO MATCH,0.0,2011,152,165.0,610.5,LOW_BLOCK_MATCH(0.0)|LOW_VARIETY_MATCH(0.0)|LOW_RS_MATCH(0.0)
STK- Pink Belle|8|,STK- Pink Belle,NO MATCH,8,,PORTION,P/L,NO MATCH,NO MATCH,0.0,109/spur P/L,NO MATCH,NO MATCH,0.0,2011,149,164.0,606.8000000000001,LOW_BLOCK_MATCH(0.0)|LOW_VARIETY_MATCH(0.0)|LOW_RS_MATCH(0.0)
Smll/Dam|1|,Smll/Dam,NO MATCH,1,,PORTION,Gala,NO MATCH,NO MATCH,0.0,104,NO MATCH,NO MATCH,0.0,2017,216,110.16,550.8,LOW_BLOCK_MATCH(0.0)|LOW_VARIETY_MATCH(0.0)|LOW_RS_MATCH(0.0)
Smll/Dam|2|,Smll/Dam,NO MATCH,2,,PORTION,Gala,NO MATCH,NO MATCH,0.0,104,NO MATCH,NO MATCH,0.0,2017,190,100.7,503.5,LOW_BLOCK_MATCH(0.0)|LOW_VARIETY_MATCH(0.0)|LOW_RS_MATCH(0.0)
Smll/Dam|2|,Smll/Dam,NO MATCH,2,,PORTION,P/L,NO MATCH,NO MATCH,0.0,109,NO MATCH,NO MATCH,0.0,1990,8,23.2,116.0,LOW_BLOCK_MATCH(0.0)|LOW_VARIETY_MATCH(0.0)|LOW_RS_MATCH(0.0)
Smll/Dam|3|,Smll/Dam,NO MATCH,3,,PORTION,P/L,NO MATCH,NO MATCH,0.0,109,NO MATCH,NO MATCH,0.0,1990,53,132.0,660.0,LOW_BLOCK_MATCH(0.0)|LOW_VARIETY_MATCH(0.0)|LOW_RS_MATCH(0.0)
Smll/Dam|4|,Smll/Dam,NO MATCH,4,,PORTION,P/L,NO MATCH,NO MATCH,0.0,109,NO MATCH,NO MATCH,0.0,1990,53,132.0,660.0,LOW_BLOCK_MATCH(0.0)|LOW_VARIETY_MATCH(0.0)|LOW_RS_MATCH(0.0)
Smll/Dam|5|,Smll/Dam,NO MATCH,5,,PORTION,S/D,NO MATCH,NO MATCH,0.0,109,NO MATCH,NO MATCH,0.0,1990,66,132.0,660.0,LOW_BLOCK_MATCH(0.0)|LOW_VARIETY_MATCH(0.0)|LOW_RS_MATCH(0.0)
Smll/Dam|6|,Smll/Dam,NO MATCH,6,,PORTION,S/D,NO MATCH,NO MATCH,0.0,109,NO MATCH,NO MATCH,0.0,1990,66,132.0,660.0,LOW_BLOCK_MATCH(0.0)|LOW_VARIETY_MATCH(0.0)|LOW_RS_MATCH(0.0)
Smll/Dam|7|,Smll/Dam,NO MATCH,7,,PORTION,06 P/L,NO MATCH,NO MATCH,0.0,106,NO MATCH,NO MATCH,0.0,2006,58,132.0,660.0,LOW_BLOCK_MATCH(0.0)|LOW_VARIETY_MATCH(0.0)|LOW_RS_MATCH(0.0)
Smll/Dam|8|,Smll/Dam,NO MATCH,8,,PORTION,06 P/L,NO MATCH,NO MATCH,0.0,106,NO MATCH,NO MATCH,0.0,2006,60,132.0,660.0,LOW_BLOCK_MATCH(0.0)|LOW_VARIETY_MATCH(0.0)|LOW_RS_MATCH(0.0)
Smll/Dam|9|,Smll/Dam,NO MATCH,9,,PORTION,P/L,NO MATCH,NO MATCH,0.0,109,NO MATCH,NO MATCH,0.0,1990,53,132.0,660.0,LOW_BLOCK_MATCH(0.0)|LOW_VARIETY_MATCH(0.0)|LOW_RS_MATCH(0.0)
Smll/Dam|10|,Smll/Dam,NO MATCH,10,,PORTION,P/L,NO MATCH,NO MATCH,0.0,109,NO MATCH,NO MATCH,0.0,1990,53,132.0,660.0,LOW_BLOCK_MATCH(0.0)|LOW_VARIETY_MATCH(0.0)|LOW_RS_MATCH(0.0)
Smll/Dam|11|,Smll/Dam,NO MATCH,11,,PORTION,S/D,NO MATCH,NO MATCH,0.0,109,NO MATCH,NO MATCH,0.0,1990,66,133.0,665.0,LOW_BLOCK_MATCH(0.0)|LOW_VARIETY_MATCH(0.0)|LOW_RS_MATCH(0.0)
Smll/Dam|12|,Smll/Dam,NO MATCH,12,,PORTION,S/D,NO MATCH,NO MATCH,0.0,109,NO MATCH,NO MATCH,0.0,1990,66,132.0,660.0,LOW_BLOCK_MATCH(0.0)|LOW_VARIETY_MATCH(0.0)|LOW_RS_MATCH(0.0)
Smll/Dam|13|,Smll/Dam,NO MATCH,13,,PORTION,P/L,NO MATCH,NO MATCH,0.0,109,NO MATCH,NO MATCH,0.0,1990,53,132.0,660.0,LOW_BLOCK_MATCH(0.0)|LOW_VARIETY_MATCH(0.0)|LOW_RS_MATCH(0.0)
Smll/Dam|14|,Smll/Dam,NO MATCH,14,,PORTION,P/L,NO MATCH,NO MATCH,0.0,109,NO MATCH,NO MATCH,0.0,1990,53,132.0,660.0,LOW_BLOCK_MATCH(0.0)|LOW_VARIETY_MATCH(0.0)|LOW_RS_MATCH(0.0)
Smll/Dam|15|,Smll/Dam,NO MATCH,15,,PORTION,S/D,NO MATCH,NO MATCH,0.0,109,NO MATCH,NO MATCH,0.0,1990,66,132.0,660.0,LOW_BLOCK_MATCH(0.0)|LOW_VARIETY_MATCH(0.0)|LOW_RS_MATCH(0.0)
Smll/Dam|16|,Smll/Dam,NO MATCH,16,,PORTION,S/D,NO MATCH,NO MATCH,0.0,109,NO MATCH,NO MATCH,0.0,1990,66,132.0,660.0,LOW_BLOCK_MATCH(0.0)|LOW_VARIETY_MATCH(0.0)|LOW_RS_MATCH(0.0)
Smll/Dam|17|,Smll/Dam,NO MATCH,17,,PORTION,P/L,NO MATCH,NO MATCH,0.0,109,NO MATCH,NO MATCH,0.0,1990,53,132.0,660.0,LOW_BLOCK_MATCH(0.0)|LOW_VARIETY_MATCH(0.0)|LOW_RS_MATCH(0.0)
Smll/Dam|18|,Smll/Dam,NO MATCH,18,,PORTION,P/L,NO MATCH,NO MATCH,0.0,109,NO MATCH,NO MATCH,0.0,1990,53,132.0,660.0,LOW_BLOCK_MATCH(0.0)|LOW_VARIETY_MATCH(0.0)|LOW_RS_MATCH(0.0)
Smll/Dam|19|,Smll/Dam,NO MATCH,19,,PORTION,S/D,NO MATCH,NO MATCH,0.0,109,NO MATCH,NO MATCH,0.0,1990,66,132.0,660.0,LOW_BLOCK_MATCH(0.0)|LOW_VARIETY_MATCH(0.0)|LOW_RS_MATCH(0.0)
Smll/Dam|20|,Smll/Dam,NO MATCH,20,,PORTION,S/D,NO MATCH,NO MATCH,0.0,109,NO MATCH,NO MATCH,0.0,1990,66,132.0,660.0,LOW_BLOCK_MATCH(0.0)|LOW_VARIETY_MATCH(0.0)|LOW_RS_MATCH(0.0)
Smll/Dam|21|,Smll/Dam,NO MATCH,21,,PORTION,06 P/L,NO MATCH,NO MATCH,0.0,106,NO MATCH,NO MATCH,0.0,2006,63,132.0,660.0,LOW_BLOCK_MATCH(0.0)|LOW_VARIETY_MATCH(0.0)|LOW_RS_MATCH(0.0)
Smll/Dam|22|,Smll/Dam,NO MATCH,22,,PORTION,06 P/L,NO MATCH,NO MATCH,0.0,106,NO MATCH,NO MATCH,0.0,2006,61,132.0,660.0,LOW_BLOCK_MATCH(0.0)|LOW_VARIETY_MATCH(0.0)|LOW_RS_MATCH(0.0)
Smll/Dam|23|,Smll/Dam,NO MATCH,23,,PORTION,P/L,NO MATCH,NO MATCH,0.0,109,NO MATCH,NO MATCH,0.0,1990,53,132.0,660.0,LOW_BLOCK_MATCH(0.0)|LOW_VARIETY_MATCH(0.0)|LOW_RS_MATCH(0.0)
Smll/Dam|24|,Smll/Dam,NO MATCH,24,,PORTION,P/L,NO MATCH,NO MATCH,0.0,109,NO MATCH,NO MATCH,0.0,1990,30,75.0,375.0,LOW_BLOCK_MATCH(0.0)|LOW_VARIETY_MATCH(0.0)|LOW_RS_MATCH(0.0)
Smll/Dam|24|,Smll/Dam,NO MATCH,24,,PORTION,S/D,NO MATCH,NO MATCH,0.0,109,NO MATCH,NO MATCH,0.0,1990,28,56.0,280.0,LOW_BLOCK_MATCH(0.0)|LOW_VARIETY_MATCH(0.0)|LOW_RS_MATCH(0.0)
Smll/Dam|25|,Smll/Dam,NO MATCH,25,,PORTION,S/D,NO MATCH,NO MATCH,0.0,109,NO MATCH,NO MATCH,0.0,1990,64,129.0,645.0,LOW_BLOCK_MATCH(0.0)|LOW_VARIETY_MATCH(0.0)|LOW_RS_MATCH(0.0)
Smll/Dam|26|,Smll/Dam,NO MATCH,26,,PORTION,S/D,NO MATCH,NO MATCH,0.0,109,NO MATCH,NO MATCH,0.0,1990,65,130.0,650.0,LOW_BLOCK_MATCH(0.0)|LOW_VARIETY_MATCH(0.0)|LOW_RS_MATCH(0.0)
Smll/Dam|27|,Smll/Dam,NO MATCH,27,,PORTION,P/L,NO MATCH,NO MATCH,0.0,109,NO MATCH,NO MATCH,0.0,1990,38,95.0,475.0,LOW_BLOCK_MATCH(0.0)|LOW_VARIETY_MATCH(0.0)|LOW_RS_MATCH(0.0)
Smll/Dam|28|,Smll/Dam,NO MATCH,28,,PORTION,P/L,NO MATCH,NO MATCH,0.0,109,NO MATCH,NO MATCH,0.0,1990,39,98.0,490.0,LOW_BLOCK_MATCH(0.0)|LOW_VARIETY_MATCH(0.0)|LOW_RS_MATCH(0.0)
Smll/Dam|29|,Smll/Dam,NO MATCH,29,,PORTION,P/L,NO MATCH,NO MATCH,0.0,109,NO MATCH,NO MATCH,0.0,1990,26,65.0,325.0,LOW_BLOCK_MATCH(0.0)|LOW_VARIETY_MATCH(0.0)|LOW_RS_MATCH(0.0)
Smll/Dam|30|,Smll/Dam,NO MATCH,30,,PORTION,P/L,NO MATCH,NO MATCH,0.0,109,NO MATCH,NO MATCH,0.0,1990,16,40.0,200.0,LOW_BLOCK_MATCH(0.0)|LOW_VARIETY_MATCH(0.0)|LOW_RS_MATCH(0.0)
Stk Yd GS|23|,Stk Yd GS,NO MATCH,23,,PORTION,Granny Smith,NO MATCH,NO MATCH,0.0,M9,NO MATCH,NO MATCH,0.0,2023,219,219.0,657.0,LOW_BLOCK_MATCH(0.0)|LOW_VARIETY_MATCH(0.0)|LOW_RS_MATCH(0.0)
Stk Yd GS|24|,Stk Yd GS,NO MATCH,24,,PORTION,Granny Smith,NO MATCH,NO MATCH,0.0,M9,NO MATCH,NO MATCH,0.0,2023,219,219.0,657.0,LOW_BLOCK_MATCH(0.0)|LOW_VARIETY_MATCH(0.0)|LOW_RS_MATCH(0.0)
Stk Yd GS|25|,Stk Yd GS,NO MATCH,25,,PORTION,Granny Smith,NO MATCH,NO MATCH,0.0,M9,NO MATCH,NO MATCH,0.0,2023,217,217.0,651.0,LOW_BLOCK_MATCH(0.0)|LOW_VARIETY_MATCH(0.0)|LOW_RS_MATCH(0.0)
Stk Yd GS|26|,Stk Yd GS,NO MATCH,26,,PORTION,Granny Smith,NO MATCH,NO MATCH,0.0,M9,NO MATCH,NO MATCH,0.0,2023,215,215.0,645.0,LOW_BLOCK_MATCH(0.0)|LOW_VARIETY_MATCH(0.0)|LOW_RS_MATCH(0.0)
Stk Yd GS|27|,Stk Yd GS,NO MATCH,27,,PORTION,Granny Smith,NO MATCH,NO MATCH,0.0,M9,NO MATCH,NO MATCH,0.0,2023,214,214.0,642.0,LOW_BLOCK_MATCH(0.0)|LOW_VARIETY_MATCH(0.0)|LOW_RS_MATCH(0.0)
Stk Yd GS|28|,Stk Yd GS,NO MATCH,28,,PORTION,Granny Smith,NO MATCH,NO MATCH,0.0,M9,NO MATCH,NO MATCH,0.0,2023,213,213.0,639.0,LOW_BLOCK_MATCH(0.0)|LOW_VARIETY_MATCH(0.0)|LOW_RS_MATCH(0.0)
Stk Yd GS|29|,Stk Yd GS,NO MATCH,29,,PORTION,Granny Smith,NO MATCH,NO MATCH,0.0,M9,NO MATCH,NO MATCH,0.0,2023,213,213.0,639.0,LOW_BLOCK_MATCH(0.0)|LOW_VARIETY_MATCH(0.0)|LOW_RS_MATCH(0.0)
Stk Yd GS|30|,Stk Yd GS,NO MATCH,30,,PORTION,Granny Smith,NO MATCH,NO MATCH,0.0,M9,NO MATCH,NO MATCH,0.0,2023,213,213.0,639.0,LOW_BLOCK_MATCH(0.0)|LOW_VARIETY_MATCH(0.0)|LOW_RS_MATCH(0.0)
Stk Yd GS|31|,Stk Yd GS,NO MATCH,31,,PORTION,Granny Smith,NO MATCH,NO MATCH,0.0,M9,NO MATCH,NO MATCH,0.0,2023,210,210.0,630.0,LOW_BLOCK_MATCH(0.0)|LOW_VARIETY_MATCH(0.0)|LOW_RS_MATCH(0.0)
Stk Yd GS|32|,Stk Yd GS,NO MATCH,32,,PORTION,Granny Smith,NO MATCH,NO MATCH,0.0,M9,NO MATCH,NO MATCH,0.0,2023,208,208.0,624.0,LOW_BLOCK_MATCH(0.0)|LOW_VARIETY_MATCH(0.0)|LOW_RS_MATCH(0.0)
Stk Yd GS|33|,Stk Yd GS,NO MATCH,33,,PORTION,Granny Smith,NO MATCH,NO MATCH,0.0,M9,NO MATCH,NO MATCH,0.0,2023,206,206.0,618.0,LOW_BLOCK_MATCH(0.0)|LOW_VARIETY_MATCH(0.0)|LOW_RS_MATCH(0.0)
Stk Yd GS|34|,Stk Yd GS,NO MATCH,34,,PORTION,Granny Smith,NO MATCH,NO MATCH,0.0,M9,NO MATCH,NO MATCH,0.0,2023,204,204.0,612.0,LOW_BLOCK_MATCH(0.0)|LOW_VARIETY_MATCH(0.0)|LOW_RS_MATCH(0.0)
Stk Yd GS|35|,Stk Yd GS,NO MATCH,35,,PORTION,Granny Smith,NO MATCH,NO MATCH,0.0,M26,NO MATCH,NO MATCH,0.0,2023,200,200.0,600.0,LOW_BLOCK_MATCH(0.0)|LOW_VARIETY_MATCH(0.0)|LOW_RS_MATCH(0.0)
Stk Yd LIR|1|,Stk Yd LIR,NO MATCH,1,,PORTION,Lady In Red,NO MATCH,NO MATCH,0.0,M26,NO MATCH,NO MATCH,0.0,2022,134,134.0,402.0,LOW_BLOCK_MATCH(0.0)|LOW_VARIETY_MATCH(0.0)|LOW_RS_MATCH(0.0)
Stk Yd LIR|2|,Stk Yd LIR,NO MATCH,2,,PORTION,Lady In Red,NO MATCH,NO MATCH,0.0,M26,NO MATCH,NO MATCH,0.0,2022,136,136.0,408.0,LOW_BLOCK_MATCH(0.0)|LOW_VARIETY_MATCH(0.0)|LOW_RS_MATCH(0.0)
Stk Yd LIR|3|,Stk Yd LIR,NO MATCH,3,,PORTION,Lady In Red,NO MATCH,NO MATCH,0.0,M26,NO MATCH,NO MATCH,0.0,2022,141,141.0,423.0,LOW_BLOCK_MATCH(0.0)|LOW_VARIETY_MATCH(0.0)|LOW_RS_MATCH(0.0)
Stk Yd LIR|4|,Stk Yd LIR,NO MATCH,4,,PORTION,Lady In Red,NO MATCH,NO MATCH,0.0,M26,NO MATCH,NO MATCH,0.0,2022,145,145.0,435.0,LOW_BLOCK_MATCH(0.0)|LOW_VARIETY_MATCH(0.0)|LOW_RS_MATCH(0.0)
Stk Yd LIR|5|,Stk Yd LIR,NO MATCH,5,,PORTION,Lady In Red,NO MATCH,NO MATCH,0.0,M26,NO MATCH,NO MATCH,0.0,2022,149,149.0,447.0,LOW_BLOCK_MATCH(0.0)|LOW_VARIETY_MATCH(0.0)|LOW_RS_MATCH(0.0)
Stk Yd LIR|6|,Stk Yd LIR,NO MATCH,6,,PORTION,Lady In Red,NO MATCH,NO MATCH,0.0,M26,NO MATCH,NO MATCH,0.0,2022,153,153.0,459.0,LOW_BLOCK_MATCH(0.0)|LOW_VARIETY_MATCH(0.0)|LOW_RS_MATCH(0.0)
Stk Yd LIR|7|,Stk Yd LIR,NO MATCH,7,,PORTION,Lady In Red,NO MATCH,NO MATCH,0.0,M26,NO MATCH,NO MATCH,0.0,2022,156,156.0,468.0,LOW_BLOCK_MATCH(0.0)|LOW_VARIETY_MATCH(0.0)|LOW_RS_MATCH(0.0)
Stk Yd LIR|8|,Stk Yd LIR,NO MATCH,8,,PORTION,Lady In Red,NO MATCH,NO MATCH,0.0,M26,NO MATCH,NO MATCH,0.0,2022,161,161.0,483.0,LOW_BLOCK_MATCH(0.0)|LOW_VARIETY_MATCH(0.0)|LOW_RS_MATCH(0.0)
Stk Yd LIR|9|,Stk Yd LIR,NO MATCH,9,,PORTION,Lady In Red,NO MATCH,NO MATCH,0.0,M26,NO MATCH,NO MATCH,0.0,2022,165,165.0,495.0,LOW_BLOCK_MATCH(0.0)|LOW_VARIETY_MATCH(0.0)|LOW_RS_MATCH(0.0)
Stk Yd LIR|10|,Stk Yd LIR,NO MATCH,10,,PORTION,Lady In Red,NO MATCH,NO MATCH,0.0,M26,NO MATCH,NO MATCH,0.0,2022,169,169.0,507.0,LOW_BLOCK_MATCH(0.0)|LOW_VARIETY_MATCH(0.0)|LOW_RS_MATCH(0.0)
Stk Yd LIR|11|,Stk Yd LIR,NO MATCH,11,,PORTION,Lady In Red,NO MATCH,NO MATCH,0.0,M26,NO MATCH,NO MATCH,0.0,2022,172,172.0,516.0,LOW_BLOCK_MATCH(0.0)|LOW_VARIETY_MATCH(0.0)|LOW_RS_MATCH(0.0)
Stk Yd LIR|12|,Stk Yd LIR,NO MATCH,12,,PORTION,Lady In Red,NO MATCH,NO MATCH,0.0,M26,NO MATCH,NO MATCH,0.0,2022,177,177.0,531.0,LOW_BLOCK_MATCH(0.0)|LOW_VARIETY_MATCH(0.0)|LOW_RS_MATCH(0.0)
Stk Yd LIR|13|,Stk Yd LIR,NO MATCH,13,,PORTION,Lady In Red,NO MATCH,NO MATCH,0.0,M26,NO MATCH,NO MATCH,0.0,2022,181,181.0,543.0,LOW_BLOCK_MATCH(0.0)|LOW_VARIETY_MATCH(0.0)|LOW_RS_MATCH(0.0)
Stk Yd LIR|14|,Stk Yd LIR,NO MATCH,14,,PORTION,Lady In Red,NO MATCH,NO MATCH,0.0,M26,NO MATCH,NO MATCH,0.0,2022,185,185.0,555.0,LOW_BLOCK_MATCH(0.0)|LOW_VARIETY_MATCH(0.0)|LOW_RS_MATCH(0.0)
Stk Yd LIR|15|,Stk Yd LIR,NO MATCH,15,,PORTION,Lady In Red,NO MATCH,NO MATCH,0.0,M26,NO MATCH,NO MATCH,0.0,2022,188,188.0,564.0,LOW_BLOCK_MATCH(0.0)|LOW_VARIETY_MATCH(0.0)|LOW_RS_MATCH(0.0)
Stk Yd LIR|16|,Stk Yd LIR,NO MATCH,16,,PORTION,Lady In Red,NO MATCH,NO MATCH,0.0,M26,NO MATCH,NO MATCH,0.0,2022,195,195.0,585.0,LOW_BLOCK_MATCH(0.0)|LOW_VARIETY_MATCH(0.0)|LOW_RS_MATCH(0.0)
Stk Yd LIR|17|,Stk Yd LIR,NO MATCH,17,,PORTION,Lady In Red,NO MATCH,NO MATCH,0.0,M26,NO MATCH,NO MATCH,0.0,2022,197,197.0,591.0,LOW_BLOCK_MATCH(0.0)|LOW_VARIETY_MATCH(0.0)|LOW_RS_MATCH(0.0)
Stk Yd LIR|18|,Stk Yd LIR,NO MATCH,18,,PORTION,Lady In Red,NO MATCH,NO MATCH,0.0,M26,NO MATCH,NO MATCH,0.0,2022,201,201.0,603.0,LOW_BLOCK_MATCH(0.0)|LOW_VARIETY_MATCH(0.0)|LOW_RS_MATCH(0.0)
Stk Yd LIR|19|,Stk Yd LIR,NO MATCH,19,,PORTION,Lady In Red,NO MATCH,NO MATCH,0.0,M26,NO MATCH,NO MATCH,0.0,2022,204,204.0,612.0,LOW_BLOCK_MATCH(0.0)|LOW_VARIETY_MATCH(0.0)|LOW_RS_MATCH(0.0)
Stk Yd LIR|20|,Stk Yd LIR,NO MATCH,20,,PORTION,Lady In Red,NO MATCH,NO MATCH,0.0,M26,NO MATCH,NO MATCH,0.0,2022,209,209.0,627.0,LOW_BLOCK_MATCH(0.0)|LOW_VARIETY_MATCH(0.0)|LOW_RS_MATCH(0.0)
Stk Yd LIR|21|,Stk Yd LIR,NO MATCH,21,,PORTION,Lady In Red,NO MATCH,NO MATCH,0.0,M26,NO MATCH,NO MATCH,0.0,2022,179,179.0,537.0,LOW_BLOCK_MATCH(0.0)|LOW_VARIETY_MATCH(0.0)|LOW_RS_MATCH(0.0)
Stk Yd LIR|21|,Stk Yd LIR,NO MATCH,21,,PORTION,Lady In Red,NO MATCH,NO MATCH,0.0,JM7,NO MATCH,NO MATCH,0.0,2022,34,34.0,102.0,LOW_BLOCK_MATCH(0.0)|LOW_VARIETY_MATCH(0.0)|LOW_RS_MATCH(0.0)
Stk Yd LIR|22|,Stk Yd LIR,NO MATCH,22,,PORTION,Lady In Red,NO MATCH,NO MATCH,0.0,JM7,NO MATCH,NO MATCH,0.0,2022,47,47.0,141.0,LOW_BLOCK_MATCH(0.0)|LOW_VARIETY_MATCH(0.0)|LOW_RS_MATCH(0.0)
Stk Yd LIR|22|,Stk Yd LIR,NO MATCH,22,,PORTION,Lady In Red,NO MATCH,NO MATCH,0.0,JM1,NO MATCH,NO MATCH,0.0,2022,80,80.0,240.0,LOW_BLOCK_MATCH(0.0)|LOW_VARIETY_MATCH(0.0)|LOW_RS_MATCH(0.0)
Stk Yd LIR|22|,Stk Yd LIR,NO MATCH,22,,PORTION,Lady In Red,NO MATCH,NO MATCH,0.0,CG202,NO MATCH,NO MATCH,0.0,2022,30,30.0,90.0,LOW_BLOCK_MATCH(0.0)|LOW_VARIETY_MATCH(0.0)|LOW_RS_MATCH(0.0)
Stk Yd LIR|22|,Stk Yd LIR,NO MATCH,22,,PORTION,Lady In Red,NO MATCH,NO MATCH,0.0,G1,NO MATCH,NO MATCH,0.0,2022,15,15.0,45.0,LOW_BLOCK_MATCH(0.0)|LOW_VARIETY_MATCH(0.0)|LOW_RS_MATCH(0.0)
Stk Yd LIR|22|,Stk Yd LIR,NO MATCH,22,,PORTION,Lady In Red,NO MATCH,NO MATCH,0.0,NIC 29,NO MATCH,NO MATCH,0.0,2022,25,25.0,75.0,LOW_BLOCK_MATCH(0.0)|LOW_VARIETY_MATCH(0.0)|LOW_RS_MATCH(0.0)
Stk Yd LIR|22|,Stk Yd LIR,NO MATCH,22,,PORTION,Lady In Red,NO MATCH,NO MATCH,0.0,M26,NO MATCH,NO MATCH,0.0,2022,19,19.0,57.0,LOW_BLOCK_MATCH(0.0)|LOW_VARIETY_MATCH(0.0)|LOW_RS_MATCH(0.0)
WB-G-GS|1|N,WB-G-GS,NO MATCH,1,N,SIDE,Bravo,NO MATCH,NO MATCH,0.0,104,NO MATCH,NO MATCH,0.0,2017,312,156.0,702.0,LOW_BLOCK_MATCH(0.0)|LOW_VARIETY_MATCH(0.0)|LOW_RS_MATCH(0.0)
WB-G-GS|1|S,WB-G-GS,NO MATCH,1,S,SIDE,Galaval,NO MATCH,NO MATCH,0.0,104,NO MATCH,NO MATCH,0.0,2015,47,47.0,211.5,LOW_BLOCK_MATCH(0.0)|LOW_VARIETY_MATCH(0.0)|LOW_RS_MATCH(0.0)
WB-G-GS|2|None,WB-G-GS,NO MATCH,2,,SIDE,Bravo,NO MATCH,NO MATCH,0.0,104,NO MATCH,NO MATCH,0.0,2017,156,156.0,351.0,LOW_BLOCK_MATCH(0.0)|LOW_VARIETY_MATCH(0.0)|LOW_RS_MATCH(0.0)
WB-G-GS|2|None,WB-G-GS,NO MATCH,2,,SIDE,Galaval,NO MATCH,NO MATCH,0.0,104,NO MATCH,NO MATCH,0.0,2015,47,47.0,105.75,LOW_BLOCK_MATCH(0.0)|LOW_VARIETY_MATCH(0.0)|LOW_RS_MATCH(0.0)
WB-G-GS|2|None,WB-G-GS,NO MATCH,2,,SIDE,G/S,NO MATCH,NO MATCH,0.0,104,NO MATCH,NO MATCH,0.0,2000,203,203.0,456.75,LOW_BLOCK_MATCH(0.0)|LOW_VARIETY_MATCH(0.0)|LOW_RS_MATCH(0.0)
WB-G-GS|3|None,WB-G-GS,NO MATCH,3,,SIDE,G/S,NO MATCH,NO MATCH,0.0,104,NO MATCH,NO MATCH,0.0,2000,203,203.0,456.75,LOW_BLOCK_MATCH(0.0)|LOW_VARIETY_MATCH(0.0)|LOW_RS_MATCH(0.0)
WB-G-GS|3|None,WB-G-GS,NO MATCH,3,,SIDE,Bravo,NO MATCH,NO MATCH,0.0,104,NO MATCH,NO MATCH,0.0,2017,156,156.0,351.0,LOW_BLOCK_MATCH(0.0)|LOW_VARIETY_MATCH(0.0)|LOW_RS_MATCH(0.0)
WB-G-GS|3|None,WB-G-GS,NO MATCH,3,,SIDE,Galaval,NO MATCH,NO MATCH,0.0,104,NO MATCH,NO MATCH,0.0,2015,47,47.0,105.75,LOW_BLOCK_MATCH(0.0)|LOW_VARIETY_MATCH(0.0)|LOW_RS_MATCH(0.0)
WB-G-GS|4|N,WB-G-GS,NO MATCH,4,N,SIDE,Bravo,NO MATCH,NO MATCH,0.0,104,NO MATCH,NO MATCH,0.0,2017,312,156.0,702.0,LOW_BLOCK_MATCH(0.0)|LOW_VARIETY_MATCH(0.0)|LOW_RS_MATCH(0.0)
WB-G-GS|4|S,WB-G-GS,NO MATCH,4,S,SIDE,Galaval,NO MATCH,NO MATCH,0.0,104,NO MATCH,NO MATCH,0.0,2015,94,47.0,211.5,LOW_BLOCK_MATCH(0.0)|LOW_VARIETY_MATCH(0.0)|LOW_RS_MATCH(0.0)
WB-G-GS|5|N,WB-G-GS,NO MATCH,5,N,SIDE,Bravo,NO MATCH,NO MATCH,0.0,104,NO MATCH,NO MATCH,0.0,2017,312,156.0,702.0,LOW_BLOCK_MATCH(0.0)|LOW_VARIETY_MATCH(0.0)|LOW_RS_MATCH(0.0)
WB-G-GS|5|S,WB-G-GS,NO MATCH,5,S,SIDE,Galaval,NO MATCH,NO MATCH,0.0,104,NO MATCH,NO MATCH,0.0,2015,94,47.0,211.5,LOW_BLOCK_MATCH(0.0)|LOW_VARIETY_MATCH(0.0)|LOW_RS_MATCH(0.0)
WB-G-GS|6|N,WB-G-GS,NO MATCH,6,N,SIDE,Bravo,NO MATCH,NO MATCH,0.0,104,NO MATCH,NO MATCH,0.0,2017,312,156.0,702.0,LOW_BLOCK_MATCH(0.0)|LOW_VARIETY_MATCH(0.0)|LOW_RS_MATCH(0.0)
WB-G-GS|6|S,WB-G-GS,NO MATCH,6,S,SIDE,Galaval,NO MATCH,NO MATCH,0.0,104,NO MATCH,NO MATCH,0.0,2015,94,47.0,211.5,LOW_BLOCK_MATCH(0.0)|LOW_VARIETY_MATCH(0.0)|LOW_RS_MATCH(0.0)
WB-G-GS|7|None,WB-G-GS,NO MATCH,7,,SIDE,Bravo,NO MATCH,NO MATCH,0.0,104,NO MATCH,NO MATCH,0.0,2017,156,156.0,351.0,LOW_BLOCK_MATCH(0.0)|LOW_VARIETY_MATCH(0.0)|LOW_RS_MATCH(0.0)
WB-G-GS|7|None,WB-G-GS,NO MATCH,7,,SIDE,Galaval,NO MATCH,NO MATCH,0.0,104,NO MATCH,NO MATCH,0.0,2015,47,47.0,105.75,LOW_BLOCK_MATCH(0.0)|LOW_VARIETY_MATCH(0.0)|LOW_RS_MATCH(0.0)
WB-G-GS|7|None,WB-G-GS,NO MATCH,7,,SIDE,G/S,NO MATCH,NO MATCH,0.0,104,NO MATCH,NO MATCH,0.0,1999,203,203.0,456.75,LOW_BLOCK_MATCH(0.0)|LOW_VARIETY_MATCH(0.0)|LOW_RS_MATCH(0.0)
WB-G-GS|8|None,WB-G-GS,NO MATCH,8,,SIDE,G/S,NO MATCH,NO MATCH,0.0,104,NO MATCH,NO MATCH,0.0,1999,203,203.0,456.75,LOW_BLOCK_MATCH(0.0)|LOW_VARIETY_MATCH(0.0)|LOW_RS_MATCH(0.0)
WB-G-GS|8|None,WB-G-GS,NO MATCH,8,,SIDE,Bravo,NO MATCH,NO MATCH,0.0,104,NO MATCH,NO MATCH,0.0,2017,156,156.0,351.0,LOW_BLOCK_MATCH(0.0)|LOW_VARIETY_MATCH(0.0)|LOW_RS_MATCH(0.0)
WB-G-GS|8|None,WB-G-GS,NO MATCH,8,,SIDE,Galaval,NO MATCH,NO MATCH,0.0,104,NO MATCH,NO MATCH,0.0,2015,47,47.0,105.75,LOW_BLOCK_MATCH(0.0)|LOW_VARIETY_MATCH(0.0)|LOW_RS_MATCH(0.0)
WB-G-GS|9|N,WB-G-GS,NO MATCH,9,N,SIDE,Bravo,NO MATCH,NO MATCH,0.0,104,NO MATCH,NO MATCH,0.0,2017,312,156.0,702.0,LOW_BLOCK_MATCH(0.0)|LOW_VARIETY_MATCH(0.0)|LOW_RS_MATCH(0.0)
WB-G-GS|9|S,WB-G-GS,NO MATCH,9,S,SIDE,Galaval,NO MATCH,NO MATCH,0.0,104,NO MATCH,NO MATCH,0.0,2015,94,47.0,211.5,LOW_BLOCK_MATCH(0.0)|LOW_VARIETY_MATCH(0.0)|LOW_RS_MATCH(0.0)
WB-G-GS|10|N,WB-G-GS,NO MATCH,10,N,SIDE,Bravo,NO MATCH,NO MATCH,0.0,104,NO MATCH,NO MATCH,0.0,2017,312,156.0,702.0,LOW_BLOCK_MATCH(0.0)|LOW_VARIETY_MATCH(0.0)|LOW_RS_MATCH(0.0)
WB-G-GS|10|S,WB-G-GS,NO MATCH,10,S,SIDE,Galaval,NO MATCH,NO MATCH,0.0,104,NO MATCH,NO MATCH,0.0,2016,94,47.0,211.5,LOW_BLOCK_MATCH(0.0)|LOW_VARIETY_MATCH(0.0)|LOW_RS_MATCH(0.0)
WB-G-GS|11|N,WB-G-GS,NO MATCH,11,N,SIDE,Bravo,NO MATCH,NO MATCH,0.0,104,NO MATCH,NO MATCH,0.0,2017,312,156.0,702.0,LOW_BLOCK_MATCH(0.0)|LOW_VARIETY_MATCH(0.0)|LOW_RS_MATCH(0.0)
WB-G-GS|11|S,WB-G-GS,NO MATCH,11,S,SIDE,Galaval,NO MATCH,NO MATCH,0.0,104,NO MATCH,NO MATCH,0.0,2016,94,47.0,211.5,LOW_BLOCK_MATCH(0.0)|LOW_VARIETY_MATCH(0.0)|LOW_RS_MATCH(0.0)
WB-G-GS|12|None,WB-G-GS,NO MATCH,12,,SIDE,Bravo,NO MATCH,NO MATCH,0.0,104,NO MATCH,NO MATCH,0.0,2017,156,156.0,351.0,LOW_BLOCK_MATCH(0.0)|LOW_VARIETY_MATCH(0.0)|LOW_RS_MATCH(0.0)
WB-G-GS|12|None,WB-G-GS,NO MATCH,12,,SIDE,Galaval,NO MATCH,NO MATCH,0.0,104,NO MATCH,NO MATCH,0.0,2016,47,47.0,105.75,LOW_BLOCK_MATCH(0.0)|LOW_VARIETY_MATCH(0.0)|LOW_RS_MATCH(0.0)
WB-G-GS|12|None,WB-G-GS,NO MATCH,12,,SIDE,G/S,NO MATCH,NO MATCH,0.0,104,NO MATCH,NO MATCH,0.0,1999,203,203.0,456.75,LOW_BLOCK_MATCH(0.0)|LOW_VARIETY_MATCH(0.0)|LOW_RS_MATCH(0.0)
WB-G-GS|13|None,WB-G-GS,NO MATCH,13,,SIDE,G/S,NO MATCH,NO MATCH,0.0,104,NO MATCH,NO MATCH,0.0,1999,203,203.0,456.75,LOW_BLOCK_MATCH(0.0)|LOW_VARIETY_MATCH(0.0)|LOW_RS_MATCH(0.0)
WB-G-GS|13|None,WB-G-GS,NO MATCH,13,,SIDE,Bravo,NO MATCH,NO MATCH,0.0,104,NO MATCH,NO MATCH,0.0,2017,156,156.0,351.0,LOW_BLOCK_MATCH(0.0)|LOW_VARIETY_MATCH(0.0)|LOW_RS_MATCH(0.0)
WB-G-GS|13|None,WB-G-GS,NO MATCH,13,,SIDE,Galaval,NO MATCH,NO MATCH,0.0,104,NO MATCH,NO MATCH,0.0,2016,47,47.0,105.75,LOW_BLOCK_MATCH(0.0)|LOW_VARIETY_MATCH(0.0)|LOW_RS_MATCH(0.0)
WB-G-GS|14|N,WB-G-GS,NO MATCH,14,N,SIDE,Bravo,NO MATCH,NO MATCH,0.0,104,NO MATCH,NO MATCH,0.0,2017,312,156.0,702.0,LOW_BLOCK_MATCH(0.0)|LOW_VARIETY_MATCH(0.0)|LOW_RS_MATCH(0.0)
WB-G-GS|14|S,WB-G-GS,NO MATCH,14,S,SIDE,Galaval,NO MATCH,NO MATCH,0.0,104,NO MATCH,NO MATCH,0.0,2016,94,47.0,211.5,LOW_BLOCK_MATCH(0.0)|LOW_VARIETY_MATCH(0.0)|LOW_RS_MATCH(0.0)
WB-G-GS|15|N,WB-G-GS,NO MATCH,15,N,SIDE,Bravo,NO MATCH,NO MATCH,0.0,104,NO MATCH,NO MATCH,0.0,2017,312,156.0,702.0,LOW_BLOCK_MATCH(0.0)|LOW_VARIETY_MATCH(0.0)|LOW_RS_MATCH(0.0)
WB-G-GS|15|S,WB-G-GS,NO MATCH,15,S,SIDE,Galaval,NO MATCH,NO MATCH,0.0,104,NO MATCH,NO MATCH,0.0,2016,94,47.0,211.5,LOW_BLOCK_MATCH(0.0)|LOW_VARIETY_MATCH(0.0)|LOW_RS_MATCH(0.0)
WB-G-GS|16|N,WB-G-GS,NO MATCH,16,N,SIDE,Bravo,NO MATCH,NO MATCH,0.0,104,NO MATCH,NO MATCH,0.0,2017,312,156.0,702.0,LOW_BLOCK_MATCH(0.0)|LOW_VARIETY_MATCH(0.0)|LOW_RS_MATCH(0.0)
WB-G-GS|16|S,WB-G-GS,NO MATCH,16,S,SIDE,Galaval,NO MATCH,NO MATCH,0.0,104,NO MATCH,NO MATCH,0.0,2016,94,47.0,211.5,LOW_BLOCK_MATCH(0.0)|LOW_VARIETY_MATCH(0.0)|LOW_RS_MATCH(0.0)
WB-G-GS|17|None,WB-G-GS,NO MATCH,17,,SIDE,Bravo,NO MATCH,NO MATCH,0.0,104,NO MATCH,NO MATCH,0.0,2017,156,156.0,351.0,LOW_BLOCK_MATCH(0.0)|LOW_VARIETY_MATCH(0.0)|LOW_RS_MATCH(0.0)
WB-G-GS|17|None,WB-G-GS,NO MATCH,17,,SIDE,Galaval,NO MATCH,NO MATCH,0.0,104,NO MATCH,NO MATCH,0.0,2016,47,47.0,105.75,LOW_BLOCK_MATCH(0.0)|LOW_VARIETY_MATCH(0.0)|LOW_RS_MATCH(0.0)
WB-G-GS|17|None,WB-G-GS,NO MATCH,17,,SIDE,G/S,NO MATCH,NO MATCH,0.0,104,NO MATCH,NO MATCH,0.0,1999,203,203.0,456.75,LOW_BLOCK_MATCH(0.0)|LOW_VARIETY_MATCH(0.0)|LOW_RS_MATCH(0.0)
WB-G-GS|18|,WB-G-GS,NO MATCH,18,,PORTION,G/S,NO MATCH,NO MATCH,0.0,104,NO MATCH,NO MATCH,0.0,1999,149,74.5,335.25,LOW_BLOCK_MATCH(0.0)|LOW_VARIETY_MATCH(0.0)|LOW_RS_MATCH(0.0)
WB-G-GS|19|,WB-G-GS,NO MATCH,19,,PORTION,Bravo,NO MATCH,NO MATCH,0.0,104,NO MATCH,NO MATCH,0.0,2017,138,68.8,309.59999999999997,LOW_BLOCK_MATCH(0.0)|LOW_VARIETY_MATCH(0.0)|LOW_RS_MATCH(0.0)
WIS PL/GS|1|,WIS PL/GS,NO MATCH,1,,PORTION,P/L,NO MATCH,NO MATCH,0.0,104,NO MATCH,NO MATCH,0.0,2002,95,205.5,1048.05,LOW_BLOCK_MATCH(0.0)|LOW_VARIETY_MATCH(0.0)|LOW_RS_MATCH(0.0)
WIS PL/GS|2|,WIS PL/GS,NO MATCH,2,,PORTION,P/L,NO MATCH,NO MATCH,0.0,104,NO MATCH,NO MATCH,0.0,2002,93,205.5,1048.05,LOW_BLOCK_MATCH(0.0)|LOW_VARIETY_MATCH(0.0)|LOW_RS_MATCH(0.0)
WIS PL/GS|3|,WIS PL/GS,NO MATCH,3,,PORTION,P/L,NO MATCH,NO MATCH,0.0,104,NO MATCH,NO MATCH,0.0,2002,88,205.5,1048.05,LOW_BLOCK_MATCH(0.0)|LOW_VARIETY_MATCH(0.0)|LOW_RS_MATCH(0.0)
WIS PL/GS|4|,WIS PL/GS,NO MATCH,4,,PORTION,P/L,NO MATCH,NO MATCH,0.0,104,NO MATCH,NO MATCH,0.0,2002,20,41.0,209.1,LOW_BLOCK_MATCH(0.0)|LOW_VARIETY_MATCH(0.0)|LOW_RS_MATCH(0.0)
WIS PL/GS|4|,WIS PL/GS,NO MATCH,4,,PORTION,G/S,NO MATCH,NO MATCH,0.0,104,NO MATCH,NO MATCH,0.0,2002,83,163.5,833.8499999999999,LOW_BLOCK_MATCH(0.0)|LOW_VARIETY_MATCH(0.0)|LOW_RS_MATCH(0.0)
WIS PL/GS|5|,WIS PL/GS,NO MATCH,5,,PORTION,P/L,NO MATCH,NO MATCH,0.0,104,NO MATCH,NO MATCH,0.0,2002,86,204.5,1042.9499999999998,LOW_BLOCK_MATCH(0.0)|LOW_VARIETY_MATCH(0.0)|LOW_RS_MATCH(0.0)
WIS PL/GS|6|,WIS PL/GS,NO MATCH,6,,PORTION,P/L,NO MATCH,NO MATCH,0.0,104,NO MATCH,NO MATCH,0.0,2002,85,204.5,1042.9499999999998,LOW_BLOCK_MATCH(0.0)|LOW_VARIETY_MATCH(0.0)|LOW_RS_MATCH(0.0)
WIS PL/GS|7|,WIS PL/GS,NO MATCH,7,,PORTION,P/L,NO MATCH,NO MATCH,0.0,104,NO MATCH,NO MATCH,0.0,2002,83,204.5,1042.9499999999998,LOW_BLOCK_MATCH(0.0)|LOW_VARIETY_MATCH(0.0)|LOW_RS_MATCH(0.0)
WIS PL/GS|8|,WIS PL/GS,NO MATCH,8,,PORTION,P/L,NO MATCH,NO MATCH,0.0,104,NO MATCH,NO MATCH,0.0,2002,84,204.5,1042.9499999999998,LOW_BLOCK_MATCH(0.0)|LOW_VARIETY_MATCH(0.0)|LOW_RS_MATCH(0.0)
WIS PL/GS|9|,WIS PL/GS,NO MATCH,9,,PORTION,G/S,NO MATCH,NO MATCH,0.0,104,NO MATCH,NO MATCH,0.0,2002,102,204.5,1042.9499999999998,LOW_BLOCK_MATCH(0.0)|LOW_VARIETY_MATCH(0.0)|LOW_RS_MATCH(0.0)
WIS PL/GS|10|,WIS PL/GS,NO MATCH,10,,PORTION,P/L,NO MATCH,NO MATCH,0.0,104,NO MATCH,NO MATCH,0.0,2002,86,204.5,1042.9499999999998,LOW_BLOCK_MATCH(0.0)|LOW_VARIETY_MATCH(0.0)|LOW_RS_MATCH(0.0)
WIS PL/GS|11|,WIS PL/GS,NO MATCH,11,,PORTION,P/L,NO MATCH,NO MATCH,0.0,104,NO MATCH,NO MATCH,0.0,2002,86,204.5,1042.9499999999998,LOW_BLOCK_MATCH(0.0)|LOW_VARIETY_MATCH(0.0)|LOW_RS_MATCH(0.0)
WIS PL/GS|12|,WIS PL/GS,NO MATCH,12,,PORTION,P/L,NO MATCH,NO MATCH,0.0,104,NO MATCH,NO MATCH,0.0,2002,87,204.5,1042.9499999999998,LOW_BLOCK_MATCH(0.0)|LOW_VARIETY_MATCH(0.0)|LOW_RS_MATCH(0.0)
WIS PL/GS|13|,WIS PL/GS,NO MATCH,13,,PORTION,P/L,NO MATCH,NO MATCH,0.0,104,NO MATCH,NO MATCH,0.0,2002,88,204.5,1042.9499999999998,LOW_BLOCK_MATCH(0.0)|LOW_VARIETY_MATCH(0.0)|LOW_RS_MATCH(0.0)
WIS PL/GS|14|,WIS PL/GS,NO MATCH,14,,PORTION,P/L,NO MATCH,NO MATCH,0.0,104,NO MATCH,NO MATCH,0.0,2002,86,204.5,1042.9499999999998,LOW_BLOCK_MATCH(0.0)|LOW_VARIETY_MATCH(0.0)|LOW_RS_MATCH(0.0)
WIS PL/GS|15|,WIS PL/GS,NO MATCH,15,,PORTION,G/S,NO MATCH,NO MATCH,0.0,104,NO MATCH,NO MATCH,0.0,2002,104,204.5,1042.9499999999998,LOW_BLOCK_MATCH(0.0)|LOW_VARIETY_MATCH(0.0)|LOW_RS_MATCH(0.0)
WIS PL/GS|16|,WIS PL/GS,NO MATCH,16,,PORTION,P/L,NO MATCH,NO MATCH,0.0,104,NO MATCH,NO MATCH,0.0,2002,85,204.5,1042.9499999999998,LOW_BLOCK_MATCH(0.0)|LOW_VARIETY_MATCH(0.0)|LOW_RS_MATCH(0.0)
WIS PL/GS|17|,WIS PL/GS,NO MATCH,17,,PORTION,P/L,NO MATCH,NO MATCH,0.0,104,NO MATCH,NO MATCH,0.0,2002,84,204.5,1042.9499999999998,LOW_BLOCK_MATCH(0.0)|LOW_VARIETY_MATCH(0.0)|LOW_RS_MATCH(0.0)
WIS PL/GS|18|,WIS PL/GS,NO MATCH,18,,PORTION,P/L,NO MATCH,NO MATCH,0.0,104,NO MATCH,NO MATCH,0.0,2002,87,204.5,1042.9499999999998,LOW_BLOCK_MATCH(0.0)|LOW_VARIETY_MATCH(0.0)|LOW_RS_MATCH(0.0)
WIS PL/GS|19|,WIS PL/GS,NO MATCH,19,,PORTION,P/L,NO MATCH,NO MATCH,0.0,104,NO MATCH,NO MATCH,0.0,2002,81,204.5,1042.9499999999998,LOW_BLOCK_MATCH(0.0)|LOW_VARIETY_MATCH(0.0)|LOW_RS_MATCH(0.0)
